0,0,0,0,0,3,0,1,3,0,1,45,0,14,0,16,1,0,1,0,1,1,1,0,0,1,3,0,1,60,30
0,0,0,0,0,3,0,2,4,0,0,38,1,38,0,8,0,5,1,0,1,1,0,1,0,1,0,0,0,0,0
0,0,1,1,0,3,1,3,2,1,0,23,0,23,1,0,1,0,1,0,1,0,0,0,0,0,0,0,1,0,20
0,0,0,0,0,3,1,3,4,1,0,16,1,18,1,18,1,0,1,0,1,0,0,0,0,0,1,0,0,0,0
0,1,0,0,0,5,1,1,4,0,0,30,1,29,0,6,1,2,1,0,0,1,1,1,1,0,1,0,0,0,0
0,0,0,0,0,3,0,3,2,0,1,0,1,0,1,0,1,0,1,0,1,1,0,0,0,0,2,0,1,30,15
0,1,0,0,0,5,1,3,2,3,0,23,1,34,1,0,1,0,1,0,1,1,1,0,0,1,0,0,1,30,30
0,0,0,0,0,5,0,0,2,1,0,26,1,28,1,0,1,0,1,0,1,0,0,1,0,0,0,0,1,15,5
0,0,1,2,1,3,1,3,2,0,1,43,0,47,1,0,1,0,1,0,1,1,1,1,1,1,1,1,0,0,0
0,0,1,3,0,1,0,3,3,0,0,37,1,35,1,0,1,0,1,0,1,1,1,1,1,1,1,0,0,0,0
0,0,0,0,0,3,1,3,3,0,0,30,0,10,1,8,1,0,1,0,1,1,1,1,1,1,1,0,0,0,0
0,0,1,4,0,3,1,1,3,0,0,35,1,39,0,6,1,0,1,0,1,1,1,1,1,1,1,0,1,30,30
0,0,0,0,0,1,0,1,5,1,1,51,0,45,0,11,1,3,1,4,0,1,0,1,0,1,0,0,0,30,30
0,1,0,0,0,5,0,0,5,0,0,38,0,63,0,9,1,6,1,30,1,1,0,0,1,1,1,0,0,0,0
0,0,1,2,0,1,0,4,4,0,0,50,1,30,0,6,1,3,1,0,0,0,1,0,0,1,1,0,0,0,0
0,0,1,5,1,3,0,3,3,0,0,35,1,33,0,6,1,0,1,0,0,1,1,1,1,0,1,0,0,0,0
0,0,0,0,0,3,1,3,2,0,0,27,1,20,1,0,1,0,1,0,1,1,0,0,0,1,0,0,0,0,0
0,0,0,0,0,5,1,3,2,1,0,20,0,20,1,0,1,0,1,0,1,1,1,1,1,1,2,0,1,60,60
0,0,1,4,0,1,0,5,4,0,0,40,1,40,1,12,0,5,1,0,0,0,1,0,1,1,1,1,1,0,0
0,1,0,0,0,5,1,3,3,0,0,31,0,57,0,2,1,0,1,0,0,1,0,0,1,0,1,0,0,0,0
0,1,1,0,0,5,0,3,4,0,0,34,1,47,0,7,1,4,1,0,1,1,1,1,1,1,1,0,0,0,0
0,0,1,0,0,1,0,6,4,0,1,0,0,0,1,5,1,2,1,0,1,1,1,1,1,1,3,1,0,50,15
0,0,0,0,0,1,0,7,2,0,1,52,0,20,1,0,1,0,1,0,1,0,0,0,0,0,2,0,0,0,0
0,0,0,0,0,3,0,8,4,0,1,55,0,47,1,12,1,8,1,0,1,1,1,1,1,1,1,0,0,0,0
0,0,1,4,0,3,1,4,2,2,0,31,1,40,1,0,1,0,1,0,0,1,1,1,0,1,0,0,1,30,20
0,0,1,4,0,5,0,3,4,0,0,36,1,41,1,10,1,6,1,0,1,1,0,1,0,0,2,0,0,0,0
0,0,0,0,0,1,0,3,2,0,0,44,0,9,1,0,1,0,1,0,1,1,1,1,1,0,1,0,0,15,10
0,0,1,2,0,1,0,9,4,0,1,33,0,28,0,2,1,4,1,0,0,0,1,1,0,1,3,0,1,15,15
0,0,0,0,0,1,0,5,4,0,1,0,0,0,1,12,0,10,1,0,1,0,0,0,0,0,1,0,1,20,0
0,0,0,0,0,1,0,5,2,2,1,44,0,28,1,0,1,0,1,0,1,0,1,0,0,1,1,0,0,0,0
0,0,0,0,0,3,1,10,3,0,1,36,0,36,0,9,1,0,1,0,1,0,1,1,0,0,2,0,0,0,0
0,0,1,3,0,1,0,1,4,0,1,44,0,42,0,11,1,7,1,0,1,1,1,0,0,0,3,1,1,20,30
0,0,0,0,0,5,1,3,5,0,0,14,0,14,0,13,0,26,1,44,1,1,1,1,0,1,1,0,0,0,0
0,0,0,0,0,1,0,3,4,0,0,45,1,45,0,12,0,5,1,0,1,1,0,0,1,0,2,0,1,30,20
0,0,1,1,1,3,1,3,4,0,1,39,0,39,1,8,0,4,1,0,0,1,1,1,1,0,1,1,0,0,0
0,0,1,2,0,3,1,3,3,0,0,43,0,16,1,18,1,0,1,0,1,0,0,0,0,0,1,0,1,60,30
0,0,1,1,0,1,0,6,8,0,1,35,0,32,1,5,1,2,1,0,0,1,0,1,1,1,3,1,0,0,0
0,1,0,0,0,5,0,5,3,0,1,53,0,11,0,10,1,0,1,0,1,1,1,1,1,1,1,0,1,45,45
0,0,0,0,0,1,0,8,3,0,1,55,0,51,1,11,1,0,1,0,1,1,0,0,0,0,1,0,0,0,0
0,0,0,0,0,1,0,6,4,0,1,42,0,42,0,7,1,6,1,0,1,1,1,1,1,1,0,0,0,0,0
0,0,1,4,0,1,0,1,4,0,0,9,0,38,1,10,1,38,1,0,0,0,0,0,0,0,0,0,0,0,0
0,0,0,0,0,5,1,3,5,1,1,18,1,18,1,17,1,19,1,17,1,0,0,0,0,0,2,0,1,30,10
0,1,0,0,0,5,1,3,4,0,0,39,0,60,0,10,0,8,1,0,0,0,0,0,0,1,0,0,1,60,30
0,0,1,4,1,3,0,4,3,0,0,44,1,59,0,17,1,0,1,0,1,0,1,1,1,1,3,0,0,0,0
0,1,0,0,0,5,1,3,2,0,0,26,0,21,1,0,1,0,1,0,1,1,1,1,1,1,0,0,1,20,20
0,0,0,0,0,3,0,5,3,0,1,44,0,45,0,8,1,0,1,0,1,1,0,1,1,1,1,0,1,0,30
0,0,0,0,0,5,0,3,3,0,0,43,1,13,0,8,1,0,1,0,0,1,0,1,0,1,2,1,1,40,30
0,0,0,0,0,3,0,7,5,0,1,47,0,46,1,10,1,8,0,5,1,1,0,1,0,0,1,0,0,0,0
0,1,0,0,1,3,1,3,4,0,0,28,0,25,0,3,1,29,1,0,1,0,1,0,1,0,1,0,0,0,0
0,0,0,0,0,3,0,3,3,0,1,35,0,30,1,10,1,0,1,0,1,1,0,0,0,1,1,0,1,30,15
0,1,0,0,0,5,1,3,5,0,0,40,1,41,0,18,0,15,1,12,1,0,1,1,0,1,2,0,1,60,60
0,1,0,0,0,5,1,3,3,0,0,38,1,43,0,7,1,0,1,0,0,1,1,0,1,1,1,0,1,30,30
0,0,1,3,1,1,0,11,5,0,1,32,0,7,1,9,1,29,1,18,1,0,0,0,0,1,1,1,1,70,30
0,0,1,6,1,1,0,5,5,0,1,40,0,39,0,7,0,7,0,3,0,1,0,0,1,1,1,0,0,0,0
0,0,1,3,0,3,1,3,4,0,1,40,0,40,1,12,1,9,1,0,1,1,1,1,1,1,1,0,0,0,0
0,0,1,5,0,3,1,1,4,0,1,35,0,33,0,4,0,6,1,5,0,1,0,0,1,1,0,0,0,0,0
0,0,0,0,0,1,0,6,4,0,0,32,1,34,1,6,1,3,1,0,0,0,0,0,0,1,2,0,0,30,20
0,1,0,0,0,3,1,3,15,1,0,45,1,48,1,0,1,0,1,0,1,1,1,0,1,1,1,0,0,0,0
0,0,0,0,1,3,0,3,5,0,0,40,0,17,0,13,1,43,1,12,1,0,1,1,0,0,1,1,0,0,0
0,0,0,0,0,1,0,12,3,0,1,0,0,0,0,0,1,0,1,0,0,1,0,1,0,0,1,0,0,0,0
0,0,0,0,0,1,0,13,2,1,1,21,1,0,1,0,1,0,1,0,1,0,0,1,0,1,2,0,1,60,30
0,0,1,7,0,1,0,5,3,0,1,47,0,41,0,10,1,0,1,0,1,0,0,1,0,0,0,0,0,0,0
0,1,0,0,0,5,1,3,2,0,0,26,1,31,1,0,1,0,1,0,1,0,0,0,0,0,1,0,1,50,50
0,0,1,7,1,1,0,3,3,0,0,36,1,38,1,6,1,0,1,0,1,0,0,1,1,0,1,0,0,0,0
0,1,0,0,0,3,0,10,5,0,1,49,0,39,0,19,0,14,1,3,1,1,1,1,1,1,2,0,0,0,0
0,1,0,0,0,5,1,3,4,0,0,55,0,35,0,23,0,9,1,0,0,1,1,0,1,1,1,0,0,0,0
0,1,0,0,0,3,1,5,3,0,1,37,0,40,1,5,1,0,1,0,0,1,1,1,1,1,2,0,0,0,0
0,1,0,0,0,5,0,3,1,0,1,22,1,0,1,0,1,0,1,0,1,0,0,0,0,1,2,0,0,0,0
0,0,1,0,0,1,0,5,5,0,1,9,0,10,0,7,0,46,0,40,1,1,0,1,1,0,1,0,1,60,45
0,1,0,0,0,1,0,14,2,2,0,25,1,23,1,0,1,0,1,0,0,0,1,1,0,0,1,0,0,0,100
0,0,0,0,0,5,1,3,2,2,1,24,0,34,1,0,1,0,1,0,1,1,0,0,0,0,0,0,1,30,20
0,1,0,0,0,5,1,0,5,0,1,40,1,29,0,33,0,28,1,0,1,1,0,0,1,1,1,0,0,0,0
0,0,0,0,0,1,0,10,4,0,1,50,0,50,0,21,0,18,1,0,1,0,0,1,1,1,0,0,0,0,0
0,1,0,0,1,1,0,15,5,0,0,22,0,28,0,45,0,3,1,3,0,0,0,0,1,0,2,1,1,45,40
0,1,1,5,0,3,0,11,5,0,1,37,0,33,0,14,0,7,0,4,1,1,1,1,1,1,3,0,1,50,25
0,0,1,2,0,3,1,5,4,0,1,45,0,41,0,12,1,7,1,0,1,1,1,1,1,1,1,0,0,0,0
0,0,0,0,0,1,0,6,2,2,0,39,1,24,1,0,1,0,1,0,1,1,1,1,1,1,0,0,0,0,0
0,1,0,0,0,5,0,3,3,0,0,43,1,16,1,9,1,0,1,0,1,1,1,0,0,1,1,0,1,60,30
0,0,0,0,0,3,0,3,2,2,1,27,0,29,1,0,1,0,1,0,1,0,0,0,0,0,1,0,1,40,75
0,1,0,0,0,3,1,3,6,0,0,14,0,14,0,14,1,15,1,44,1,0,0,0,0,0,0,0,0,0,0
0,1,0,0,0,3,1,3,3,0,0,47,0,7,1,16,1,0,1,0,1,1,0,0,1,0,1,0,0,0,0
0,0,0,0,0,3,0,2,2,0,0,23,0,32,1,0,1,0,1,0,1,0,1,1,1,1,1,0,0,0,0
0,0,1,8,1,3,0,6,4,0,0,48,1,50,0,12,0,7,1,0,0,0,0,0,0,1,2,0,0,10,10
0,0,1,8,0,5,1,0,5,0,1,39,0,36,0,7,1,5,1,5,0,0,0,0,0,0,1,1,0,0,0
0,0,1,8,0,3,0,16,5,0,1,37,0,37,0,7,0,4,1,2,0,0,0,0,0,0,2,1,0,0,0
0,1,1,8,0,3,0,0,4,0,0,27,1,28,0,5,1,5,1,0,0,0,0,0,0,0,0,0,0,40,0
0,0,0,0,0,3,1,3,5,0,0,12,0,15,0,9,1,32,1,45,0,0,0,0,0,0,1,0,0,0,0
0,0,1,8,0,3,1,1,8,0,1,35,0,36,1,56,0,56,1,0,0,0,0,0,0,0,2,0,1,60,45
0,1,0,0,0,3,1,3,4,0,1,40,0,40,0,15,1,13,1,0,0,1,0,0,0,1,0,0,0,0,0
0,0,1,4,0,1,0,17,3,0,0,37,0,9,0,6,1,0,1,0,0,1,0,0,0,1,2,0,1,60,40
0,0,0,0,0,5,1,3,2,2,1,22,0,28,1,0,1,0,1,0,0,1,0,0,0,0,2,0,0,0,0
0,0,0,0,1,1,0,18,3,0,0,42,1,41,0,8,1,0,1,0,0,0,0,0,0,0,0,0,0,0,0
0,0,0,0,1,3,1,3,4,1,1,41,0,43,1,13,0,10,1,0,0,0,0,0,0,1,2,0,0,0,0
0,0,1,4,1,1,0,3,4,0,0,43,0,14,0,11,0,11,1,0,0,1,0,0,0,1,0,1,0,0,0
0,0,1,9,1,3,1,3,4,0,1,34,0,34,0,8,0,5,1,0,0,0,0,0,0,0,2,1,0,0,0
0,0,0,0,0,1,0,6,2,2,1,22,0,20,1,0,1,0,1,0,0,0,0,0,0,1,0,0,0,0,0
0,0,1,10,0,3,0,6,4,0,1,35,0,33,1,5,1,2,1,0,0,1,0,0,0,0,2,1,1,20,15
0,0,0,0,0,3,0,19,5,0,1,41,0,39,1,14,1,7,0,12,0,1,0,0,0,1,1,0,0,0,0
0,1,0,0,0,5,1,3,4,0,1,44,0,38,0,8,1,5,1,0,0,1,0,0,0,0,2,0,1,30,15
0,1,0,0,1,3,1,20,4,0,1,44,0,40,1,9,0,15,1,0,0,0,0,0,0,0,1,0,1,0,0
0,1,0,0,0,5,1,1,4,0,1,43,0,43,0,18,0,12,1,0,0,0,0,0,0,1,1,0,0,0,0
0,0,1,11,1,3,1,3,4,0,0,39,1,38,0,13,1,8,1,0,1,1,1,0,0,1,1,0,0,0,0
0,1,1,0,0,1,0,21,4,0,1,44,0,40,1,7,1,3,1,0,1,1,1,0,1,1,1,0,0,0,0
0,0,0,0,0,5,1,3,4,0,0,41,1,47,0,17,1,11,1,0,1,0,0,0,0,0,0,0,0,0,0
0,0,0,0,0,5,0,22,2,0,0,36,0,11,1,0,1,0,1,0,1,0,0,0,1,1,3,0,0,0,0
0,0,0,0,0,1,0,23,4,0,0,7,1,9,1,11,1,29,1,0,1,0,1,0,0,0,1,0,1,10,5
0,0,1,5,0,3,1,1,4,0,1,36,0,35,1,10,0,7,1,0,1,1,1,0,0,1,1,0,1,20,30
0,0,1,1,0,3,1,1,3,0,0,33,1,35,1,5,1,0,1,0,0,1,0,0,0,1,0,0,0,0,0
0,0,0,0,0,3,0,5,4,0,1,40,0,40,0,13,1,6,1,0,1,0,0,0,1,1,1,0,0,0,0
0,0,1,4,0,1,0,3,5,0,0,33,1,5,1,5,0,33,0,30,0,0,0,0,1,0,1,0,0,0,0
0,0,0,0,0,1,0,3,4,0,1,0,1,0,1,0,1,0,1,0,1,0,0,1,1,1,0,0,0,5,10
0,1,0,0,0,5,0,1,5,0,0,0,1,0,0,0,0,0,0,0,1,0,0,0,0,0,3,1,0,0,0
0,0,1,4,1,1,0,6,2,2,0,33,1,35,1,0,1,0,1,0,0,0,0,0,0,1,0,1,0,0,0
0,0,1,5,1,3,0,1,5,0,1,0,0,0,1,0,1,0,0,0,1,0,1,0,1,0,2,1,1,60,30
0,0,0,0,0,3,0,3,2,2,1,30,0,26,1,0,1,0,1,0,1,0,0,0,0,0,0,0,1,60,30
0,0,1,4,0,1,0,0,2,2,1,25,0,24,1,0,1,0,1,0,1,0,0,0,1,0,1,0,0,0,0
0,0,1,3,1,3,0,3,4,0,1,44,0,44,0,11,0,5,1,0,0,1,0,1,1,1,1,0,0,0,0
0,0,1,5,0,3,1,1,5,0,1,35,0,33,1,6,1,5,0,4,0,1,0,0,1,1,0,0,0,0,30
0,0,1,2,1,1,0,5,5,0,0,34,1,36,1,9,1,7,1,2,1,0,0,0,1,0,1,0,0,0,0
0,0,1,3,0,1,0,1,4,0,0,37,0,8,1,6,1,0,1,0,1,0,1,0,1,1,2,1,0,0,0
0,0,1,2,1,1,0,3,4,0,1,0,0,0,0,0,1,0,1,0,0,1,1,1,1,1,1,0,0,30,30
0,0,0,0,0,1,0,11,3,1,1,32,1,32,0,20,1,0,1,0,1,1,1,1,1,1,1,0,0,30,15
0,0,1,5,0,3,0,3,6,0,1,35,0,32,1,30,0,29,1,4,0,1,0,0,0,0,0,0,0,0,0
0,0,1,6,0,5,0,24,4,0,1,45,0,42,0,19,0,15,1,0,0,1,0,0,1,1,2,1,0,0,0
0,0,1,4,0,5,0,5,13,1,1,0,0,0,1,0,1,0,1,0,0,1,1,1,1,1,2,1,1,60,30
0,0,0,0,0,5,0,11,5,0,0,19,0,15,0,45,1,23,1,48,1,1,1,1,0,1,1,0,1,60,60
0,0,0,0,0,5,1,3,7,0,0,57,0,42,0,12,1,11,1,7,1,1,1,1,1,1,1,0,0,0,0
0,0,1,7,0,3,1,3,3,0,0,35,1,32,0,10,1,0,1,0,1,0,1,1,1,1,3,0,0,0,30
0,0,0,0,0,3,1,2,4,1,0,0,0,0,0,0,0,0,1,0,1,0,0,0,0,0,0,0,0,0,0
0,0,1,2,0,3,1,3,4,0,0,31,0,33,0,5,0,5,1,0,1,1,1,1,1,1,0,1,0,0,0
0,0,0,0,0,3,0,3,2,1,1,0,1,0,1,0,1,0,1,0,1,0,0,0,0,0,1,1,0,0,0
0,0,1,7,1,1,0,3,3,0,0,36,1,38,1,6,1,0,1,0,1,0,0,1,0,0,1,1,0,0,0
0,0,0,0,0,5,1,3,4,0,1,35,0,33,0,4,1,2,1,0,0,1,0,1,1,1,2,0,0,30,0
0,0,1,7,0,1,0,13,3,0,0,41,1,41,0,12,1,0,1,0,1,1,1,0,0,1,1,0,0,0,0
0,1,0,0,0,5,0,3,5,1,0,0,0,0,0,0,1,0,1,0,1,0,0,1,0,0,0,0,1,45,45
0,1,0,0,1,5,1,3,5,0,0,41,1,45,0,15,1,13,1,8,1,1,0,0,0,1,0,0,0,0,0
0,0,1,12,0,1,0,11,4,0,0,43,0,13,0,9,1,50,1,0,1,0,0,0,1,1,1,0,0,30,20
0,1,0,0,0,5,1,3,4,0,0,28,1,30,0,4,1,2,1,0,1,0,1,0,0,0,2,0,0,0,0
0,1,0,0,0,5,1,3,3,0,0,0,1,0,0,0,1,0,1,0,1,0,0,0,0,1,1,0,0,0,0
0,0,0,0,0,3,1,3,5,0,0,35,0,27,0,10,0,8,1,32,1,0,0,0,0,0,2,0,0,0,0
0,0,0,0,0,3,1,3,4,1,0,24,1,29,1,29,1,0,1,0,1,0,0,0,0,1,3,0,1,30,30
0,0,1,6,0,1,0,25,5,0,1,36,0,22,1,17,1,12,1,32,1,0,0,0,0,1,0,0,0,0,0
0,0,1,6,1,3,0,3,4,0,0,32,1,38,0,5,1,3,1,0,1,0,0,1,1,0,1,1,0,0,45
0,0,1,4,0,1,0,6,4,0,1,0,0,0,1,0,1,0,1,0,1,1,0,0,1,0,0,0,0,60,15
0,1,0,0,0,5,0,3,5,0,0,29,1,46,0,19,0,12,0,3,1,0,1,1,1,1,1,0,0,0,0
0,1,0,0,0,3,1,1,5,1,0,36,1,7,1,6,1,9,1,0,0,1,0,0,0,0,0,0,1,80,60
0,0,1,4,1,5,1,1,4,0,1,37,0,36,0,7,1,30,1,0,0,1,1,1,1,1,2,1,1,25,15
0,0,0,0,0,3,0,3,5,0,0,36,1,37,1,15,1,12,1,0,1,0,0,1,1,0,0,0,1,10,10
0,0,1,4,0,1,0,6,4,0,1,0,0,0,1,0,1,0,1,0,1,1,0,0,1,0,3,0,0,60,15
0,1,0,0,0,5,1,3,4,0,1,36,0,32,1,6,1,4,1,0,1,0,0,1,1,1,1,0,0,0,0
0,0,0,0,0,5,1,3,3,0,1,32,0,31,1,5,1,0,1,0,1,1,0,0,1,0,0,0,0,0,0
0,1,1,1,1,3,1,6,3,0,1,30,0,25,0,3,1,0,1,0,0,0,0,0,0,1,0,1,1,40,40
0,1,0,0,0,5,1,3,2,0,0,2,0,27,1,0,1,0,1,0,1,1,1,1,1,1,1,0,1,30,30
0,0,0,0,0,5,1,3,7,1,0,37,1,0,1,0,0,0,1,0,0,0,1,1,1,1,2,1,1,20,20
0,0,0,0,0,3,1,3,4,0,1,41,0,39,1,9,1,5,1,0,1,1,0,0,1,1,0,0,0,0,0
0,0,0,0,0,5,1,3,4,1,1,29,0,37,1,30,0,26,1,0,1,1,0,0,0,1,0,0,0,0,0
0,1,0,0,0,5,1,3,6,0,0,32,1,43,0,40,1,36,1,0,0,1,0,0,0,1,1,0,0,0,10
0,0,1,0,0,3,1,3,5,0,1,36,0,37,0,27,0,10,0,9,1,0,1,1,0,1,1,0,0,15,30
0,0,1,7,1,1,0,6,4,0,0,45,1,44,0,9,1,9,1,0,1,1,0,1,0,0,2,0,1,20,20
0,0,1,4,1,5,1,1,4,0,1,37,0,34,1,14,1,5,1,0,1,1,1,1,1,1,1,0,0,0,0
0,1,0,0,0,5,1,3,5,0,0,37,0,16,0,14,0,9,0,5,1,1,1,1,0,1,1,0,0,0,0
0,0,0,0,0,5,1,3,4,0,0,42,1,14,1,8,0,9,1,0,0,1,1,1,0,1,2,0,0,0,30
0,0,0,0,0,3,1,3,2,2,1,28,0,26,1,0,1,0,1,0,1,0,0,0,0,1,0,0,0,0,0
0,0,1,7,0,1,0,5,3,0,0,30,1,12,0,10,1,0,1,0,1,0,0,0,0,1,1,1,1,30,30
0,1,0,0,0,5,1,3,7,1,1,44,1,31,1,5,1,5,0,33,0,0,0,0,0,0,0,0,0,0,0
0,0,0,0,0,3,1,3,4,0,1,53,0,44,0,9,1,9,1,0,1,0,0,0,0,1,1,0,1,45,15
0,1,1,5,1,5,1,3,4,0,0,35,1,39,1,10,1,5,1,0,1,0,1,0,1,1,2,0,1,5,20
0,0,1,2,0,1,0,3,2,1,0,28,0,27,1,0,1,0,1,0,1,0,0,0,1,1,2,0,0,0,0
0,0,1,5,1,3,1,1,6,0,0,42,1,43,0,12,0,12,1,0,1,0,0,0,0,0,1,1,1,30,30
0,0,1,7,1,1,0,0,4,0,1,39,0,38,1,0,1,0,1,0,0,0,1,1,1,1,2,0,0,10,10
0,1,0,0,0,3,1,3,2,2,0,26,1,26,1,0,1,0,1,0,1,1,1,1,1,1,2,0,1,30,30
0,0,1,2,0,3,1,3,4,0,1,38,0,37,1,8,0,5,1,0,1,1,0,1,1,0,2,0,1,30,30
0,0,0,0,0,1,0,0,4,0,0,38,1,34,1,12,1,12,1,0,1,0,1,0,1,1,1,0,0,0,0
0,0,0,0,0,1,0,18,4,0,1,0,1,0,1,0,1,0,1,0,0,0,0,0,0,0,1,1,1,0,0
0,0,0,0,0,1,0,5,6,0,0,0,0,0,1,0,1,0,0,0,1,1,1,1,1,0,2,0,0,0,0
0,1,0,0,0,5,1,3,6,0,0,50,1,67,0,30,1,29,0,7,1,1,1,1,1,1,3,0,0,0,0
0,0,0,0,0,1,0,5,4,0,0,0,0,0,0,0,0,0,1,0,1,0,0,1,0,0,1,0,0,15,10
0,0,1,2,1,1,0,3,4,0,0,60,0,40,0,33,1,36,1,0,1,1,0,0,0,0,0,1,0,0,30
0,0,0,0,0,5,1,3,5,0,1,35,0,36,0,37,0,16,1,8,1,0,1,0,0,0,2,0,0,0,0
0,0,1,2,0,3,0,0,5,0,0,35,1,39,1,9,1,4,1,16,0,1,0,0,0,1,3,0,0,0,0
0,0,0,0,0,1,0,18,6,0,1,0,0,0,0,0,1,0,1,3,0,0,0,0,0,1,1,0,0,0,0
0,0,0,0,0,3,0,3,3,0,1,18,0,14,0,11,1,0,1,0,0,1,0,1,0,0,0,0,0,0,0
0,1,1,2,0,1,0,3,5,0,0,42,0,37,0,40,0,15,1,0,1,0,0,0,1,0,1,0,0,0,0
0,0,1,2,1,3,1,3,2,2,1,43,0,47,1,0,1,0,1,0,1,1,1,1,1,1,1,1,1,35,20
0,0,0,0,0,1,0,22,2,2,1,30,0,27,1,0,1,0,1,0,0,0,1,0,0,0,1,0,0,0,0
0,0,1,5,0,3,0,26,5,0,1,45,0,39,0,15,1,15,0,5,0,0,0,0,0,0,0,0,0,0,0
0,0,0,0,0,3,0,3,5,0,1,44,0,45,1,16,1,15,1,13,1,0,0,0,0,0,1,0,1,15,15
0,0,0,0,0,1,1,6,2,1,0,36,0,32,1,0,1,0,1,0,1,0,0,0,0,1,0,0,0,0,0
0,0,0,0,0,3,0,3,5,0,0,0,1,0,0,12,0,8,0,3,1,1,0,0,1,1,0,0,0,0,0
0,0,0,0,0,1,0,6,2,0,1,0,1,0,1,0,1,0,1,0,0,0,0,0,0,0,0,0,0,0,0
0,0,0,13,0,1,0,6,5,0,1,0,0,0,1,0,0,0,1,0,1,1,1,1,1,1,1,1,1,20,5
0,0,0,0,0,1,0,25,4,0,0,40,1,45,0,6,1,9,1,0,1,0,0,0,0,0,1,0,0,20,5
0,0,0,0,0,5,1,3,2,2,0,18,0,22,1,0,1,0,1,0,1,0,0,0,1,1,2,0,1,30,30
0,1,0,0,0,5,1,3,2,0,0,43,1,7,1,0,1,0,1,0,1,1,1,0,0,1,1,0,1,30,30
0,0,0,0,0,1,0,6,4,0,1,46,0,41,0,11,1,6,1,0,1,0,0,0,1,1,0,0,0,0,0
0,0,0,0,0,1,0,5,9,0,0,35,0,11,0,8,1,35,1,62,1,0,0,0,0,0,1,0,0,45,20
0,1,0,0,0,3,1,3,1,0,1,30,1,0,1,0,1,0,1,0,1,0,0,0,0,1,0,0,0,0,0
0,0,0,0,0,1,0,27,4,0,0,35,1,35,0,5,1,1,1,0,0,0,0,0,0,1,1,0,0,20,20
0,0,1,4,0,1,1,0,4,0,1,0,0,0,1,0,1,0,1,0,1,1,0,0,0,0,0,0,0,0,0
0,0,0,0,0,5,1,3,2,2,0,23,1,30,1,0,1,0,1,0,1,0,0,1,1,0,2,0,1,15,30
0,0,1,2,0,5,1,11,4,0,0,37,1,37,0,7,0,4,1,0,0,1,0,1,1,1,0,0,0,0,0
0,0,0,0,0,3,1,4,4,1,0,28,0,14,1,18,1,29,1,0,1,1,1,1,1,1,1,0,0,10,5
0,1,0,0,0,1,0,0,5,0,0,40,1,40,1,13,1,8,0,8,0,0,1,1,0,0,1,0,0,0,0
0,0,1,7,0,1,0,5,5,0,0,32,1,42,0,4,1,6,0,10,0,1,0,0,1,0,2,0,1,50,0
0,0,0,0,0,1,0,25,4,0,1,43,0,42,0,8,0,6,1,0,1,0,1,0,1,1,1,0,0,0,0
0,0,1,6,0,1,0,2,4,0,0,43,1,47,1,12,0,5,1,0,0,1,1,1,1,1,1,1,1,45,30
0,0,0,0,1,1,0,0,4,0,1,40,0,38,0,7,1,5,1,0,0,1,1,1,0,1,1,0,0,30,0
0,0,0,0,0,1,0,3,5,0,1,51,0,50,0,13,1,13,1,0,0,0,0,0,0,0,2,0,0,15,15
0,0,0,0,0,1,0,3,5,0,1,51,0,50,0,13,1,13,1,0,1,0,0,0,0,0,1,0,0,15,15
0,0,1,3,1,1,0,5,4,0,0,39,1,39,0,4,1,3,1,0,0,1,1,1,0,1,2,1,1,60,60
0,0,0,0,0,1,0,3,4,0,0,50,1,48,0,15,1,12,1,0,1,0,1,0,0,0,0,1,0,0,0
0,0,1,5,0,3,0,3,6,0,0,24,0,23,1,23,1,38,0,55,0,0,0,1,1,1,2,0,0,0,0
0,0,0,0,0,5,1,2,4,0,1,39,0,36,0,6,0,0,1,0,1,0,0,0,0,0,2,0,1,90,60
0,0,1,7,0,3,1,3,4,0,1,34,0,28,0,5,0,1,1,0,0,0,0,1,1,1,1,0,0,0,0
0,0,1,0,1,3,1,1,6,0,1,43,0,42,0,12,0,12,1,10,1,0,0,0,0,0,0,0,0,0,0
0,0,0,0,0,1,0,3,3,0,0,3,0,30,1,32,1,0,1,0,1,0,0,1,1,1,0,0,0,0,0
0,0,1,0,0,3,0,3,4,0,1,44,0,42,1,14,0,10,1,0,0,0,0,0,0,1,2,1,0,0,0
0,0,0,0,0,1,0,18,4,0,0,42,1,44,1,10,1,8,1,0,0,0,0,0,0,1,2,0,0,0,0
0,0,0,0,0,3,0,3,3,0,0,44,0,16,1,19,1,10,1,0,1,1,1,1,1,1,1,0,0,0,0
0,0,1,0,1,1,0,3,4,0,1,38,0,42,0,5,1,0,1,0,0,0,1,0,1,0,0,1,0,0,0
0,0,0,0,0,1,0,24,2,0,0,44,0,7,1,0,1,0,1,0,1,1,0,0,1,1,0,0,0,0,0
0,0,0,0,0,1,0,6,2,2,1,25,0,25,1,0,1,0,1,0,1,0,0,0,0,1,1,0,0,30,45
0,0,0,0,0,3,0,1,4,0,0,34,1,35,1,3,1,6,1,0,0,1,1,0,1,1,2,0,0,0,0
0,0,0,0,0,5,1,3,5,0,0,0,0,0,0,0,1,0,1,0,1,1,1,1,1,1,0,0,0,0,0
0,1,0,0,0,5,1,3,5,0,0,34,1,42,1,10,1,9,0,6,1,0,0,0,0,0,0,1,0,0,0
0,0,0,0,0,3,0,1,3,0,1,36,0,33,0,7,1,0,1,0,0,1,1,1,1,1,0,0,0,0,0
0,0,1,7,1,5,1,24,5,0,1,40,0,40,0,11,0,6,1,2,1,1,1,1,1,1,0,1,0,0,0
0,0,0,0,0,1,0,2,3,0,1,32,0,32,1,4,1,0,1,0,0,1,0,1,1,0,0,0,0,0,0
0,0,0,0,0,1,0,2,3,0,1,32,0,31,1,4,1,0,1,0,0,1,0,1,1,0,0,0,0,0,0
0,0,1,4,1,5,1,1,4,0,1,37,0,34,1,14,1,5,1,0,1,1,1,1,1,1,1,1,0,0,0
0,0,1,1,1,5,1,1,4,0,1,37,0,34,1,14,1,5,1,0,1,1,1,1,1,1,1,1,0,0,0
0,0,1,1,1,1,0,3,4,0,1,32,0,35,0,8,1,6,1,0,0,1,0,1,1,0,1,1,0,0,0
0,0,0,0,0,3,1,18,8,1,0,38,1,46,0,10,1,8,0,38,0,0,1,1,0,0,0,0,0,0,0
0,0,0,0,0,1,0,3,4,0,0,38,1,40,0,9,1,2,1,0,0,1,0,1,1,0,0,0,0,0,0
0,0,1,3,1,5,1,3,4,0,0,0,1,0,0,0,0,0,1,0,0,1,1,1,1,1,0,1,0,0,0
0,0,0,0,0,3,0,5,4,0,1,0,0,0,1,0,1,0,1,0,0,0,0,1,1,0,3,1,1,35,40
0,0,0,0,0,1,0,24,3,1,1,26,1,27,0,28,1,0,1,0,1,0,1,1,1,1,0,0,0,20,20
0,0,0,0,0,3,0,10,4,0,1,45,0,43,1,19,1,10,1,0,0,0,0,0,0,1,3,0,0,0,0
0,0,1,5,0,1,0,4,4,0,0,43,1,50,0,13,1,11,1,0,0,1,1,0,1,0,0,0,1,30,15
0,0,1,5,0,3,0,1,5,0,1,34,0,34,1,5,0,6,1,0,0,1,1,0,1,1,1,0,0,0,0
0,0,0,0,0,1,0,3,6,0,1,45,0,42,1,15,0,13,1,7,0,1,1,1,1,0,1,0,0,0,0
0,0,1,4,0,1,0,3,3,0,1,45,0,35,1,6,1,0,1,0,1,1,0,0,0,0,0,1,0,0,0
0,0,0,0,0,1,0,3,5,0,0,0,1,0,1,0,1,0,0,0,1,0,0,0,1,0,2,1,0,0,0
0,0,0,0,0,1,0,7,6,0,0,59,0,38,1,38,0,9,0,5,1,1,0,1,1,1,2,0,1,15,15
0,0,1,4,0,1,0,3,2,2,1,25,0,24,1,0,1,0,1,0,1,0,1,0,0,1,1,0,0,0,0
0,1,0,0,0,3,0,3,4,0,0,33,0,7,1,5,1,37,1,0,0,0,0,0,0,1,1,0,0,0,0
0,0,0,0,0,1,0,8,2,2,1,26,0,22,1,0,1,0,1,0,1,0,1,1,0,0,1,0,0,45,30
0,0,0,0,0,3,0,24,3,0,0,40,1,34,1,6,1,0,1,0,1,0,0,1,1,1,1,0,0,0,0
0,1,1,4,1,1,0,3,4,0,0,43,0,14,0,11,0,11,1,0,1,1,1,1,1,1,1,1,0,0,0
0,1,1,4,1,1,0,3,4,0,0,43,0,14,0,11,0,11,1,0,1,1,1,1,1,1,1,1,0,0,0
0,0,0,0,0,3,0,5,3,0,1,41,0,37,1,10,1,0,1,0,1,0,0,1,0,0,1,0,0,30,30
0,0,0,0,0,5,1,3,4,0,0,42,1,60,1,15,0,4,1,0,1,1,0,1,1,1,2,0,1,50,20
0,1,0,0,0,1,1,3,4,0,0,40,1,50,0,7,0,6,1,0,1,1,1,1,1,1,1,0,0,0,0
0,0,0,0,0,5,1,5,5,0,0,46,1,65,0,19,0,16,0,14,1,0,1,1,0,1,2,1,0,45,60
0,0,1,3,1,1,0,5,3,0,1,33,0,31,0,3,1,0,1,0,0,0,0,1,1,1,1,0,0,0,0
0,0,0,0,0,3,1,28,3,1,1,26,1,24,1,27,1,0,1,0,1,0,0,0,0,0,0,0,0,0,0
0,0,0,0,0,1,0,3,4,0,1,50,0,49,1,18,1,15,1,0,1,1,1,1,1,1,1,0,0,0,0
0,0,0,0,0,1,0,0,12,0,1,38,0,35,0,12,1,9,0,7,0,0,0,0,0,0,0,0,1,35,25
0,0,0,0,0,3,0,6,5,1,1,52,0,12,1,12,1,11,1,6,1,1,0,1,1,0,0,0,0,0,0
0,0,0,0,0,1,0,5,2,2,0,23,1,31,1,0,1,0,1,0,1,0,0,0,0,0,3,0,1,20,20
0,0,0,0,1,1,0,3,4,0,1,40,0,40,0,11,0,7,1,0,0,1,0,1,0,0,0,1,0,0,0
0,0,1,4,1,3,0,0,4,0,1,45,0,37,1,6,1,4,1,0,1,1,0,1,0,0,0,0,0,60,15
0,0,0,0,1,5,1,3,3,0,1,21,0,18,0,19,1,0,1,0,0,1,1,1,1,0,0,0,0,0,0
0,0,0,0,1,3,1,3,4,0,0,49,1,52,0,16,1,10,1,0,0,1,1,0,0,1,2,1,0,0,0
0,0,0,0,0,3,1,0,3,0,0,25,1,11,1,45,1,0,1,0,1,1,0,0,0,0,1,0,0,0,0
0,0,0,0,0,5,0,1,5,0,0,53,1,56,1,25,0,25,0,0,0,1,1,0,0,1,1,0,1,45,30
0,0,0,0,0,1,0,29,3,0,1,36,0,30,0,7,1,0,1,0,1,1,1,1,1,0,1,0,0,0,0
0,0,0,0,0,3,1,3,2,0,1,30,0,54,1,0,1,0,1,0,1,0,1,1,1,0,0,0,0,0,0
0,0,0,0,0,1,0,3,4,0,1,0,0,0,0,0,0,0,1,0,1,0,1,1,0,1,0,0,0,0,0
0,0,0,0,0,5,1,3,4,0,0,32,0,10,0,3,1,34,1,0,1,1,1,1,1,1,0,0,0,0,0
0,0,0,0,0,3,0,5,4,1,0,34,1,11,0,10,0,6,1,0,1,0,0,0,1,0,3,0,0,60,0
0,0,0,0,1,1,0,3,4,0,0,33,1,39,0,7,1,14,1,0,0,1,0,0,1,0,2,1,0,0,0
0,0,0,0,0,5,0,1,2,1,0,33,0,26,1,0,1,0,1,0,0,1,0,1,1,0,1,0,0,0,0
0,0,0,0,0,1,0,0,5,0,1,44,1,43,0,20,0,5,1,0,1,0,0,1,0,1,0,0,0,0,0
0,0,0,0,0,3,1,1,5,1,0,0,0,0,0,0,1,0,1,0,0,0,0,0,0,1,1,0,0,0,0
0,0,1,3,1,1,0,6,4,0,1,0,0,0,0,0,0,0,1,0,1,0,0,1,1,1,1,0,0,30,30
0,0,1,3,0,1,0,2,4,0,0,44,1,46,0,6,0,4,1,0,0,1,1,1,1,1,0,1,0,0,0
0,0,0,0,0,3,1,6,5,1,0,48,1,51,1,9,1,11,1,11,1,1,0,0,0,0,0,0,0,20,20
0,0,0,0,1,5,0,6,3,0,1,0,0,0,0,0,1,0,1,0,0,1,1,1,1,0,1,1,1,60,60
0,0,1,5,1,5,1,3,4,0,0,36,0,10,1,40,1,4,1,0,1,0,0,0,1,1,1,1,0,0,0
0,0,0,0,0,3,0,3,4,0,1,41,0,38,0,11,1,8,1,0,1,1,0,1,0,1,0,0,0,0,0
0,0,1,1,0,5,1,3,4,0,0,46,1,51,0,13,0,14,1,0,1,1,1,0,0,0,0,0,0,0,0
0,0,0,0,0,3,0,3,3,0,1,49,0,44,0,6,1,0,1,0,0,1,0,1,1,1,0,0,0,0,0
0,1,1,0,1,3,0,1,4,1,0,34,0,33,0,6,1,5,1,0,1,1,1,1,1,1,0,0,0,0,0
0,0,0,0,0,3,0,6,2,2,0,21,1,24,1,0,1,0,1,0,1,1,0,0,0,0,2,0,0,0,0
0,0,0,0,0,1,0,3,4,0,1,43,0,43,1,12,1,8,1,0,0,1,1,1,1,1,0,0,0,0,0
0,0,1,4,0,3,0,10,4,0,0,68,1,12,1,6,1,0,1,0,1,0,1,0,1,1,2,0,0,0,0
0,0,1,4,1,1,0,0,6,0,1,0,0,0,1,0,0,0,1,0,1,0,0,1,0,0,3,0,1,60,15
0,0,0,0,1,1,1,18,4,0,1,0,1,0,1,0,1,0,1,0,1,0,0,0,0,0,1,0,0,0,0
0,0,1,2,1,3,0,3,1,0,0,32,0,6,1,42,1,0,1,0,1,0,1,0,1,0,0,0,0,0,0
0,0,0,0,0,1,0,3,3,0,0,43,1,13,0,8,1,0,1,0,1,0,1,0,1,0,3,1,0,0,0
0,0,0,0,0,1,0,18,3,0,0,38,1,40,0,6,1,0,1,0,0,0,0,0,0,0,0,0,0,0,0
0,0,1,8,1,3,1,6,4,0,1,28,0,39,0,7,0,4,1,0,0,1,0,0,1,1,2,1,0,30,20
0,0,0,0,0,3,1,5,3,0,1,38,0,34,1,7,1,0,1,0,1,0,0,0,1,0,0,0,0,90,90
0,0,0,0,0,1,0,6,5,0,1,40,0,41,1,35,0,33,1,10,1,1,0,1,1,1,1,0,0,60,50
0,0,0,0,0,3,0,3,3,0,1,50,0,42,1,15,0,5,1,0,0,1,1,0,1,0,0,0,0,0,0
0,0,1,7,0,3,1,0,4,0,1,43,0,48,0,17,0,7,1,0,0,0,0,1,0,1,2,0,0,60,60
0,0,1,5,0,1,0,3,5,0,0,33,1,37,1,9,1,6,0,5,0,1,0,1,1,1,0,0,0,0,0
0,0,1,1,1,5,1,0,5,0,1,43,0,41,0,12,0,5,0,5,1,1,1,1,1,1,3,1,1,50,30
0,0,1,2,1,3,0,3,4,0,1,37,0,37,1,7,1,4,1,0,0,1,0,0,1,1,2,0,0,0,0
0,0,1,7,1,3,1,5,4,0,1,39,0,35,0,10,1,6,1,0,1,0,0,0,1,1,2,1,0,60,60
0,0,0,0,0,3,0,3,3,0,1,42,0,37,1,11,1,0,1,0,1,1,1,1,0,1,0,0,0,0,0
0,1,0,0,0,5,0,3,2,2,0,20,1,21,1,0,1,0,1,0,1,1,0,1,1,1,2,0,0,0,0
0,0,0,0,0,1,0,3,4,0,0,0,1,0,0,0,1,0,1,0,1,1,1,1,1,1,0,0,0,0,0
0,0,1,2,0,1,0,2,3,0,0,8,0,37,0,52,1,0,1,0,0,1,0,1,1,1,1,0,0,0,0
0,0,0,0,0,1,0,4,3,0,0,0,0,0,1,0,1,0,1,0,0,0,0,0,0,0,0,0,0,0,0
0,0,0,0,0,3,0,5,1,3,0,24,0,24,0,25,0,25,0,25,1,0,0,0,0,1,1,0,0,0,0
0,0,0,0,0,1,0,24,3,0,0,33,1,33,0,5,1,0,1,0,0,0,0,0,1,0,0,0,0,0,0
0,1,0,0,0,5,1,3,5,0,1,30,1,88,1,57,0,28,0,24,1,0,1,0,1,0,0,0,0,0,0
0,0,0,0,1,1,0,6,3,3,0,0,0,0,0,0,1,0,1,0,1,0,0,1,1,1,2,0,1,5,5
0,0,1,3,0,3,0,5,4,0,1,37,0,36,1,6,1,3,0,0,0,1,0,0,0,0,2,0,0,0,0
0,0,1,3,1,3,0,3,4,0,1,35,0,32,0,20,0,4,1,0,0,1,0,1,1,0,2,1,0,0,0
0,0,0,0,0,5,1,1,3,0,0,38,1,40,1,13,1,0,1,0,0,1,1,1,1,1,1,0,0,0,0
0,0,0,0,0,5,0,5,8,1,0,34,0,38,1,35,1,39,1,2,1,1,0,0,1,0,2,0,1,60,50
0,1,0,0,0,3,0,6,3,0,0,35,1,32,0,2,1,0,1,0,0,1,0,0,1,0,1,0,0,40,20
0,0,1,4,0,3,0,3,6,1,0,38,0,35,1,35,1,35,0,5,0,1,1,0,1,1,2,1,0,0,0
0,0,0,0,0,3,0,5,4,0,0,47,1,48,0,7,1,9,1,0,1,1,1,1,0,1,1,0,0,0,0
0,0,0,0,0,5,1,6,6,0,1,0,1,0,1,0,1,0,0,40,1,0,0,0,0,1,2,0,0,30,10
0,0,0,0,0,3,0,2,4,0,1,46,0,47,1,14,0,11,1,0,1,1,0,0,0,0,2,0,0,0,0
0,0,0,0,0,5,0,1,5,0,1,43,0,40,0,17,0,16,0,14,1,1,1,1,1,1,0,0,0,0,0
0,0,1,2,1,1,0,3,4,0,1,34,0,33,0,4,0,7,1,0,0,1,1,0,1,0,1,0,0,0,0
0,0,0,0,0,3,1,3,7,0,0,16,1,20,1,9,0,47,1,100,1,0,0,0,0,1,1,0,0,0,0
0,1,1,2,0,1,0,5,6,0,0,13,0,40,0,27,1,8,1,46,1,0,0,1,1,1,1,0,0,0,0
0,0,0,0,0,3,1,3,5,0,0,33,1,33,0,55,1,55,0,30,1,0,0,0,0,1,1,0,0,0,0
0,0,1,1,0,3,1,6,4,0,1,33,1,4,0,33,0,2,1,0,1,1,0,1,1,1,2,1,0,20,10
0,0,0,0,0,1,0,3,2,2,1,26,0,25,1,0,1,0,1,0,1,0,0,0,0,1,1,0,0,0,0
0,0,0,0,0,3,0,3,5,1,0,25,1,24,1,23,1,24,0,23,1,0,0,0,0,0,0,0,0,0,0
0,0,0,0,0,3,1,13,4,0,1,47,0,48,1,14,0,9,1,0,1,0,0,1,1,0,2,0,0,0,0
0,0,0,0,0,1,0,1,2,2,0,60,1,58,1,0,1,0,1,0,0,0,1,1,1,0,0,1,0,0,0
0,0,0,0,0,5,0,3,5,0,1,53,0,51,0,42,0,8,1,12,0,0,0,0,0,1,0,0,0,0,0
0,0,0,0,0,1,1,3,2,2,1,32,0,22,1,0,1,0,1,0,1,1,0,0,0,1,0,0,0,0,0
0,0,1,0,0,3,1,3,5,0,0,37,1,36,0,23,0,10,0,3,1,0,0,1,1,0,1,0,0,0,0
0,0,0,0,0,5,1,3,1,1,1,39,0,35,1,30,0,29,1,14,0,0,0,0,0,1,0,0,0,0,0
0,0,1,3,0,3,0,3,4,0,1,63,0,40,1,6,0,3,1,0,0,0,1,1,1,1,0,0,0,0,0
0,0,0,0,0,3,1,3,8,1,0,46,1,36,0,22,1,24,0,26,1,1,1,1,1,1,0,0,0,0,0
0,0,1,5,0,1,0,6,5,0,0,37,1,44,1,8,0,7,0,5,0,1,1,1,1,0,1,0,0,30,15
0,0,0,0,0,5,1,3,5,0,0,49,0,32,0,13,0,8,0,6,1,1,0,1,1,1,0,0,0,0,0
0,0,0,0,0,1,0,30,4,0,0,0,1,0,0,0,1,0,1,0,0,0,0,0,1,0,3,0,0,0,0
0,0,0,0,0,3,0,4,5,1,0,34,1,36,0,40,1,17,0,0,1,0,1,1,0,1,1,0,0,40,40
0,0,1,4,0,3,0,3,4,0,0,42,1,45,1,14,1,7,1,0,1,0,0,1,0,1,2,0,0,0,0
0,0,1,7,0,3,0,3,5,0,1,30,0,32,1,0,1,0,1,0,1,1,1,1,1,1,1,1,0,0,0
0,0,1,4,1,3,1,3,4,0,1,38,0,36,0,7,0,6,1,0,1,0,0,1,1,0,2,0,0,0,0
0,0,1,3,1,3,0,3,4,0,1,40,0,40,1,11,1,5,1,0,1,1,0,0,0,1,2,0,0,0,0
0,0,0,0,1,5,0,3,5,1,0,48,0,21,0,21,0,22,1,30,1,1,1,0,0,1,0,0,0,0,0
0,1,0,0,0,5,0,3,5,0,0,33,1,35,0,6,0,3,0,0,0,0,0,1,1,1,1,0,0,0,0
0,0,1,0,0,3,0,5,3,0,0,0,1,0,0,3,1,0,1,0,0,0,1,0,1,0,0,0,0,0,0
0,0,1,3,0,1,0,2,4,0,1,38,0,35,1,9,1,6,1,0,1,1,1,0,0,0,1,0,0,0,0
0,1,0,0,0,5,1,2,4,0,1,45,0,42,1,9,1,7,1,0,1,1,1,0,0,1,2,0,0,45,30
0,0,1,2,0,1,0,3,4,0,1,49,0,46,0,10,1,8,1,0,0,0,0,1,1,0,1,0,0,0,0
0,0,1,2,0,3,0,3,4,0,1,54,0,31,0,24,1,16,1,0,1,1,1,1,1,1,1,0,0,0,0
0,0,1,4,1,1,0,6,4,0,1,43,0,38,0,11,0,7,1,0,0,0,0,0,0,1,0,1,0,45,50
0,0,0,0,0,3,0,3,2,2,1,30,0,26,1,0,1,0,1,0,1,0,0,0,0,0,1,0,0,0,0
0,0,0,0,0,1,0,3,5,0,1,57,0,40,1,59,1,42,1,0,1,0,1,1,1,1,0,0,1,15,15
0,0,0,0,0,3,1,5,5,0,0,36,1,36,0,15,0,5,0,5,1,0,0,1,0,1,2,0,0,0,0
0,0,0,0,0,3,0,1,63,3,1,0,1,0,1,0,1,0,1,0,0,1,0,0,0,0,0,0,0,0,0
0,0,0,0,0,1,0,4,4,0,0,47,1,47,1,13,1,11,1,0,0,0,0,0,0,0,0,0,0,0,0
0,0,0,0,0,3,1,3,3,0,1,33,0,33,1,6,1,0,1,0,0,0,0,0,1,1,1,0,0,0,0
0,0,0,0,0,5,1,3,2,1,0,34,0,22,1,0,1,0,1,0,1,0,0,0,0,0,1,0,0,0,0
0,0,0,0,0,5,1,1,5,3,1,0,1,0,1,0,1,0,1,0,0,1,1,0,0,0,0,0,0,0,0
0,0,0,0,0,1,0,3,5,0,0,26,0,43,1,47,1,31,1,0,1,1,1,1,1,1,0,0,0,0,0
0,0,0,0,0,1,0,3,2,2,1,23,0,22,1,0,1,0,1,0,1,0,0,0,1,1,1,0,0,0,20
0,0,0,0,0,3,1,3,4,0,1,0,0,0,1,0,1,0,1,0,1,1,0,1,0,0,0,0,0,0,0
0,1,1,0,1,3,1,3,1,3,1,0,1,0,1,0,1,0,1,0,1,0,0,0,0,0,3,1,0,0,0
0,1,1,5,0,5,1,3,4,1,1,22,1,22,0,22,1,22,1,0,1,0,0,1,0,1,3,0,0,30,30
0,0,0,0,0,3,1,2,4,0,1,52,0,51,1,17,0,16,1,0,1,0,1,1,0,1,2,0,0,0,0
0,0,1,2,0,1,0,3,4,0,1,40,0,36,0,9,1,7,1,0,1,0,1,1,1,1,1,0,0,0,0
0,0,0,0,0,1,0,29,5,1,1,30,0,30,1,2,0,4,1,0,0,0,1,1,1,1,1,0,0,15,10
0,0,1,3,0,1,0,1,3,0,1,0,0,0,0,0,1,0,1,0,0,0,0,1,0,1,1,1,0,0,0
0,0,0,0,0,5,1,3,3,0,0,46,0,37,0,11,1,0,1,0,1,1,0,1,1,0,1,0,0,0,0
0,0,0,0,1,5,0,5,30,3,1,0,1,0,1,0,1,0,1,0,1,0,0,0,0,0,1,0,0,0,0
0,1,0,0,0,3,1,3,2,1,0,18,0,19,1,0,1,0,1,0,1,0,1,0,1,0,1,0,0,40,40
0,0,0,0,0,3,0,3,4,1,1,20,1,22,0,18,0,18,1,0,1,0,0,0,1,0,0,0,0,0,0
0,0,0,0,0,5,1,3,4,0,1,37,0,36,0,10,1,7,1,0,0,1,0,0,0,1,2,0,0,0,0
0,0,0,0,1,1,0,3,5,0,0,42,1,42,0,7,1,9,1,0,0,1,1,1,1,1,0,1,0,0,0
0,1,0,0,0,1,0,3,3,0,1,36,0,40,0,14,1,0,1,0,0,0,0,1,0,0,0,0,0,0,0
0,0,1,9,0,5,0,2,6,0,1,66,0,63,1,43,0,42,1,16,1,1,0,0,0,0,2,1,0,0,0
0,0,0,0,0,5,0,3,4,0,1,40,0,36,1,10,1,6,1,0,1,1,0,0,0,1,1,0,0,0,0
0,0,1,2,1,3,1,3,4,0,0,33,1,33,0,11,1,7,1,0,1,1,0,0,0,0,1,0,1,45,45
0,0,1,4,0,5,0,3,4,0,0,0,0,0,1,0,1,0,1,0,1,0,0,0,1,0,1,0,0,0,5
0,0,1,4,1,3,1,7,7,0,0,43,0,65,0,37,1,45,1,34,1,0,0,0,1,1,1,0,1,0,0
0,0,0,0,0,1,0,3,4,0,1,33,0,33,1,6,0,50,1,0,0,1,1,1,1,0,2,0,0,0,0
0,0,0,0,0,1,0,5,5,0,0,32,0,16,0,14,0,9,1,8,0,0,1,1,1,0,1,0,0,0,0
0,0,0,0,0,3,1,3,5,0,0,30,1,32,1,32,0,28,0,7,0,0,0,0,0,1,0,0,0,0,0
0,0,0,0,0,3,0,6,6,0,1,45,0,43,0,15,0,11,1,14,1,1,1,1,1,1,1,0,1,60,25
0,0,0,0,0,1,0,30,3,0,0,39,1,41,0,8,1,0,1,0,0,0,0,0,0,1,1,0,0,0,0
0,0,0,0,0,1,0,30,4,0,0,0,0,0,0,0,1,0,1,0,1,0,0,0,0,0,2,0,0,0,0
0,1,1,5,1,3,1,3,6,0,1,35,0,34,1,15,0,45,0,3,1,0,0,0,1,1,3,0,0,0,0
0,0,0,0,0,5,0,24,4,0,1,39,0,39,0,10,0,7,1,0,1,0,1,1,1,1,1,0,0,0,0
0,0,0,0,0,3,1,5,4,0,1,32,0,32,0,5,1,0,1,0,0,0,1,1,1,1,1,0,0,0,0
0,0,0,0,0,1,0,30,4,0,0,0,0,0,0,0,1,0,1,0,1,0,0,0,0,0,2,0,0,0,0
0,0,1,3,0,3,1,3,5,0,1,45,0,42,0,9,0,7,1,0,1,1,1,1,0,0,2,0,0,0,0
0,0,0,0,0,1,0,6,12,1,1,36,0,35,1,5,1,2,1,36,1,0,0,1,1,1,3,0,0,60,45
0,0,0,0,0,1,0,5,3,0,1,42,0,39,0,8,1,0,1,0,1,0,1,0,0,0,3,0,0,0,0
0,0,1,7,0,3,0,3,4,0,1,48,0,44,0,22,0,19,1,0,1,1,0,1,0,1,0,0,0,0,0
0,0,0,0,0,3,1,1,5,1,0,49,0,47,1,9,1,8,1,11,1,0,0,0,0,0,0,0,1,20,20
0,0,0,0,0,1,0,10,2,0,0,46,0,13,1,0,1,0,1,0,1,0,0,0,0,0,1,0,0,0,0
0,0,0,0,0,3,1,3,5,0,0,24,0,16,0,2,1,32,1,18,0,1,0,0,1,1,2,0,0,0,0
0,0,1,2,1,1,0,3,4,0,1,41,0,40,0,15,0,9,1,0,1,0,0,0,0,1,0,0,0,0,0
0,0,0,0,0,3,0,31,4,0,0,39,1,41,0,8,1,11,1,0,1,0,1,0,0,1,2,0,1,20,10
0,0,0,0,1,5,1,3,1,3,0,0,1,0,1,0,1,0,1,0,1,0,1,0,0,1,0,0,0,0,0
0,1,0,0,0,5,1,1,4,2,1,23,0,20,1,0,1,0,1,0,1,0,0,0,1,1,2,1,0,0,0
0,0,0,0,0,5,1,3,4,0,1,33,0,26,1,5,1,4,1,0,0,1,0,1,1,1,2,0,1,30,30
0,0,1,2,1,1,0,3,4,0,1,41,0,40,0,15,0,9,1,0,1,0,0,0,0,1,0,0,0,0,0
0,0,0,0,0,3,0,3,3,0,1,0,1,0,1,0,1,0,1,0,1,1,1,1,0,1,0,0,0,0,0
0,1,0,0,0,5,1,3,5,3,1,35,0,26,0,7,1,7,0,0,1,1,0,0,0,0,0,0,1,50,0
0,0,1,8,1,1,0,18,4,0,1,61,0,50,0,11,0,7,1,0,1,0,0,0,0,0,2,0,1,15,5
0,1,0,0,0,1,0,0,4,0,1,40,0,36,1,3,0,2,1,0,0,1,1,1,0,0,0,0,1,0,0
0,0,0,0,0,3,0,32,2,2,1,27,0,27,1,0,1,0,1,0,1,1,0,0,1,1,2,0,0,0,0
0,0,0,0,0,1,0,5,2,0,0,45,0,8,1,0,1,0,1,0,1,0,0,1,0,0,1,0,1,30,30
0,0,0,0,0,3,1,5,9,0,1,36,0,41,0,3,1,8,0,70,0,0,0,0,1,0,2,0,0,0,0
0,0,0,0,0,3,1,5,9,0,1,36,0,41,0,3,1,8,0,70,0,0,0,0,1,0,2,0,0,0,0
0,0,0,0,0,3,0,3,5,0,0,43,1,44,0,16,1,12,0,5,1,0,0,0,1,0,0,1,0,0,0
0,0,0,0,0,3,0,3,5,0,0,43,1,44,0,16,1,12,0,5,1,0,0,0,1,0,0,1,0,0,0
0,0,1,4,0,3,0,2,4,0,1,40,0,37,1,6,0,8,1,0,0,0,0,1,1,0,2,0,0,0,0
0,0,0,0,0,1,0,0,4,1,0,60,1,61,0,12,1,10,1,0,1,1,0,0,0,1,0,0,0,0,0
0,0,1,2,0,1,0,6,4,0,0,0,0,0,0,0,1,0,1,0,1,0,0,0,1,1,2,0,0,30,5
0,0,1,8,0,1,0,1,4,0,1,35,0,33,0,6,0,1,1,0,1,1,1,1,1,1,1,0,0,0,25
0,0,0,0,0,3,1,3,4,0,1,38,0,37,1,10,1,7,1,0,0,1,1,1,1,0,1,0,1,30,30
0,0,0,0,0,3,1,3,3,0,1,33,0,33,0,5,1,0,1,0,0,1,0,0,0,1,1,0,1,30,30
0,0,1,6,1,3,1,3,5,0,1,38,0,43,0,16,0,13,0,10,0,1,0,0,1,0,1,1,1,30,30
0,0,0,0,0,1,0,5,5,0,1,36,1,40,0,35,0,40,1,7,0,1,1,1,1,1,2,0,0,30,20
0,1,0,0,0,1,0,33,2,1,0,28,0,28,1,0,1,0,1,0,1,0,0,1,1,0,1,0,0,0,0
0,0,1,2,1,3,1,3,4,0,0,20,1,26,0,23,1,22,1,0,1,0,0,1,1,1,3,0,0,0,0
0,0,0,0,0,5,1,5,8,1,0,39,1,40,0,33,1,35,1,8,1,1,0,1,1,1,2,0,0,0,0
0,0,0,0,0,3,0,34,3,0,1,42,0,39,1,12,1,0,1,0,1,0,0,0,0,0,2,0,0,0,0
0,1,0,0,0,5,1,3,2,2,0,20,1,22,1,0,1,0,1,0,1,1,0,0,0,1,2,0,1,120,120
0,0,1,2,0,1,0,0,3,2,0,39,0,12,1,10,1,0,1,0,1,1,0,1,1,1,0,0,0,0,0
0,1,0,0,0,5,1,3,5,0,0,34,1,33,0,53,1,3,1,6,1,1,1,1,1,1,1,0,0,0,0
0,0,1,2,0,1,0,3,5,0,0,57,0,37,1,40,0,8,1,6,0,0,0,0,0,1,3,0,0,0,0
0,0,0,0,0,1,0,3,3,0,0,36,0,10,0,7,1,0,1,0,1,0,0,0,0,0,0,0,0,0,0
0,0,0,0,0,1,0,3,5,1,0,0,0,26,0,30,1,26,1,4,0,0,0,0,0,1,1,0,0,0,0
0,0,0,0,0,1,0,6,4,0,1,40,0,43,1,4,1,7,1,0,1,1,0,1,1,1,0,0,0,0,0
0,0,1,7,1,1,0,16,4,0,1,57,0,57,1,10,1,8,1,0,1,1,1,1,1,1,1,1,0,0,0
0,0,0,0,0,3,0,1,3,0,1,32,0,30,1,4,1,0,1,0,0,0,0,0,1,1,1,0,0,0,0
0,0,0,0,0,5,1,3,5,0,0,27,1,27,0,27,0,23,1,24,1,0,0,0,1,1,2,0,0,0,0
0,0,1,3,0,1,0,18,3,0,0,34,1,44,1,3,1,0,1,0,0,0,0,1,0,1,1,0,0,0,0
0,0,0,0,0,1,0,5,5,0,1,38,1,75,0,9,0,38,0,70,0,1,0,1,0,1,0,0,0,0,0
0,0,1,2,1,5,1,3,6,0,0,31,1,35,0,50,1,50,1,0,1,1,0,1,0,1,2,0,1,30,30
0,0,0,0,0,1,0,5,3,0,1,44,0,0,0,6,1,0,1,0,0,0,0,0,0,0,0,0,0,0,0
0,0,1,1,0,5,1,18,4,0,0,42,1,46,0,17,0,11,1,0,1,0,0,0,0,1,0,0,0,0,0
0,0,0,0,0,5,0,3,9,0,1,40,1,13,0,37,0,15,0,11,0,1,0,1,1,1,1,0,0,0,0
0,0,0,0,0,1,0,3,5,0,0,47,1,47,0,20,0,17,1,0,1,1,0,0,1,1,2,0,1,40,30
0,0,0,0,0,1,0,2,4,0,0,0,1,0,0,0,0,0,1,0,0,1,1,1,0,0,2,0,0,0,0
0,0,0,0,0,3,1,3,4,1,0,28,0,28,0,28,0,28,1,0,1,0,0,0,0,1,0,0,0,0,0
0,0,0,0,0,5,0,3,4,0,1,0,0,0,1,0,0,0,1,0,1,0,1,0,0,0,1,0,0,0,0
0,0,0,0,0,1,0,0,1,3,1,0,1,0,1,0,1,0,1,0,0,0,0,0,0,0,0,0,0,0,0
0,0,0,0,0,3,0,6,4,1,0,42,1,47,0,50,1,52,1,0,1,0,0,1,0,0,2,0,1,30,30
0,0,0,0,0,3,0,3,5,0,1,0,0,0,1,0,1,0,0,0,1,1,1,1,1,1,1,0,0,10,10
0,0,0,0,0,1,0,6,2,0,0,36,1,8,1,0,1,0,1,0,0,1,1,1,0,1,1,0,0,0,0
0,0,0,0,0,3,0,24,5,3,1,16,0,25,1,14,0,36,1,0,1,0,0,0,1,0,0,0,1,10,10
0,0,1,1,1,5,0,3,4,0,0,33,1,36,0,5,1,2,1,0,1,0,0,0,0,1,0,1,0,0,90
0,0,0,0,0,1,0,4,3,0,0,43,1,43,1,12,1,0,1,0,1,0,0,0,0,0,3,1,1,90,90
0,0,0,0,0,3,1,3,2,0,0,33,0,27,1,0,1,0,1,0,1,1,1,1,1,1,2,0,1,30,40
0,0,1,6,0,3,0,5,5,0,0,41,1,41,0,12,1,10,1,2,1,1,0,1,1,0,2,0,0,0,0
0,0,0,0,0,3,0,10,2,0,1,29,1,33,1,0,1,0,1,0,0,0,0,0,0,1,0,0,0,0,0
0,0,0,0,0,1,0,3,4,0,0,44,1,46,1,12,0,8,1,0,1,0,0,0,0,0,0,0,0,0,0
0,0,0,0,0,3,0,3,4,0,0,31,1,42,1,6,1,6,1,0,1,1,0,0,1,0,2,0,0,0,10
0,0,1,1,1,1,0,3,3,0,0,30,1,32,1,0,1,0,1,0,1,0,0,0,0,1,0,1,0,0,45
0,1,0,0,0,5,1,0,3,0,0,72,1,36,0,48,1,0,1,0,1,1,1,1,1,1,0,0,1,14,45
0,0,0,0,0,5,0,3,2,2,0,23,1,25,1,0,1,0,1,0,1,1,1,1,0,1,3,0,0,0,0
0,0,0,0,0,3,1,2,4,1,0,41,0,15,1,24,0,25,1,0,1,1,1,0,0,0,1,0,0,0,0
0,0,1,7,1,3,1,3,3,3,0,36,1,36,1,0,1,0,1,0,0,1,0,0,0,0,0,0,0,0,0
0,0,0,0,0,5,1,3,4,0,0,44,0,40,0,17,0,1,1,0,1,1,1,1,1,1,1,0,1,30,20
0,0,0,0,0,5,0,3,6,0,1,49,0,50,0,45,1,22,0,0,1,1,1,1,1,1,2,0,1,40,60
0,0,0,0,0,3,1,3,4,0,1,39,0,19,1,11,0,9,1,0,1,1,0,0,1,1,1,0,0,0,0
0,0,0,0,0,1,0,3,2,0,0,52,1,64,1,0,1,0,1,0,0,0,0,0,0,1,2,0,0,0,0
0,0,1,2,0,1,0,3,3,0,1,33,0,38,1,9,1,0,1,0,1,1,0,1,0,0,2,0,0,0,0
0,0,0,0,0,1,0,6,2,0,1,0,0,0,1,0,1,0,1,0,1,0,0,1,1,1,1,0,0,0,0
0,0,1,7,1,3,0,3,3,0,0,48,0,19,0,17,1,0,1,0,1,0,0,0,0,1,2,0,0,0,0
0,0,0,0,0,3,0,3,4,1,0,18,0,18,0,20,0,20,1,0,0,0,0,0,0,1,1,0,0,30,30
0,0,0,0,0,5,1,3,3,0,1,36,0,33,0,9,1,0,1,0,1,1,1,1,0,1,1,0,0,0,0
0,0,0,0,0,3,1,3,4,0,1,63,0,58,1,12,0,10,1,0,1,0,0,0,0,0,2,0,0,0,0
0,0,0,0,0,3,1,3,4,0,0,39,1,43,1,17,1,15,1,0,1,1,1,1,1,1,0,0,0,0,0
0,0,0,0,0,3,0,2,4,0,1,46,0,47,1,14,0,11,1,0,1,1,0,0,0,0,2,0,0,0,0
0,0,0,0,0,5,1,3,4,0,1,38,0,37,0,13,1,0,1,0,1,1,1,0,0,1,1,0,0,0,0
0,0,0,0,0,5,1,1,2,2,1,20,0,19,1,0,1,0,1,0,1,1,0,0,0,1,1,0,0,0,0
0,0,0,0,0,5,1,35,5,0,0,54,0,19,1,24,1,20,1,17,1,0,0,0,0,0,1,0,0,0,0
0,0,1,2,0,3,1,1,4,0,1,37,0,29,1,11,1,6,1,0,1,1,1,1,1,1,0,0,0,0,0
0,0,1,0,0,5,1,3,4,0,1,31,0,32,0,10,0,3,1,0,1,1,1,1,1,1,0,0,1,30,15
0,0,0,0,0,1,0,3,10,1,1,24,1,24,1,25,1,24,0,23,1,1,0,1,1,1,2,0,0,0,0
0,0,0,0,0,3,0,3,5,1,1,37,0,33,0,34,0,9,0,0,0,0,1,1,1,1,2,0,1,30,40
0,0,1,7,1,1,0,3,3,0,0,52,1,21,0,18,1,0,1,0,1,1,1,0,0,1,1,0,0,0,0
0,0,0,0,0,1,0,36,2,1,0,22,0,22,1,0,1,0,1,0,1,0,1,0,0,1,1,0,0,0,0
0,0,1,7,1,3,0,3,5,0,0,30,1,0,0,0,1,0,1,0,1,1,1,1,0,0,1,1,0,0,0
0,0,1,2,0,1,0,3,4,0,1,40,0,35,0,6,0,6,1,0,0,0,1,1,1,0,0,1,0,0,0
0,0,0,0,0,1,0,3,30,3,1,0,1,0,0,0,0,0,1,0,0,0,0,0,0,1,1,0,0,0,0
0,0,0,0,0,1,0,3,5,0,1,0,0,0,0,0,1,0,0,0,1,1,1,1,1,1,1,0,1,30,30
0,0,0,0,0,5,1,3,2,1,0,21,0,19,1,0,1,0,1,0,1,0,0,1,1,1,1,0,0,30,15
0,0,0,0,0,5,0,3,4,3,1,29,0,0,1,0,0,0,1,0,1,0,1,0,1,0,3,0,0,0,0
0,0,0,0,0,1,0,2,4,0,0,23,0,25,0,25,1,29,1,0,0,0,0,0,0,1,1,0,0,0,0
0,0,0,0,0,3,1,3,4,0,1,31,0,28,1,17,0,17,1,0,1,0,0,0,0,0,1,0,0,0,0
0,0,1,1,0,3,1,3,5,0,0,46,0,16,0,15,1,12,1,51,1,0,0,0,0,0,1,0,0,0,0
0,0,1,5,0,1,0,3,5,0,1,34,0,34,1,12,0,16,1,7,1,0,1,0,0,1,1,0,1,40,40
0,0,0,0,0,3,1,3,2,0,0,0,1,0,1,0,1,0,1,0,0,1,1,0,0,1,1,0,0,0,0
0,0,1,4,1,1,0,3,3,0,0,41,1,20,1,10,1,0,1,0,0,1,1,1,1,1,2,1,1,30,30
0,0,0,0,0,5,1,3,10,1,0,27,0,26,1,28,0,39,1,30,1,0,0,0,0,0,2,0,1,30,30
0,0,0,0,0,1,0,4,2,2,1,30,0,28,1,0,1,0,1,0,1,0,1,1,0,0,1,0,0,0,0
0,1,0,0,0,5,1,5,5,0,1,44,0,46,0,19,0,16,0,15,1,0,1,0,1,1,3,0,0,0,0
0,0,1,5,1,3,0,3,3,0,0,36,1,36,1,0,1,0,1,0,1,0,0,0,0,0,0,0,1,20,0
0,0,1,3,0,3,1,5,6,0,0,43,1,44,0,16,0,14,0,7,1,0,1,1,1,0,1,1,0,0,0
0,0,0,0,0,3,1,18,5,0,0,37,1,37,1,36,0,38,1,27,1,0,0,1,0,0,1,1,0,0,0
0,0,0,0,0,1,0,3,4,3,1,49,0,40,1,12,0,8,1,0,1,1,1,0,1,0,0,0,0,0,0
0,0,0,0,0,5,0,3,2,0,1,17,1,16,1,0,1,0,1,0,1,1,1,1,1,1,1,0,0,0,0
0,0,1,2,0,3,1,1,3,0,1,34,0,30,1,6,1,0,1,0,1,1,0,0,0,1,1,0,0,0,20
0,0,0,0,0,3,0,2,4,0,1,67,0,43,1,10,1,10,1,0,1,1,1,1,0,1,1,0,1,0,0
0,1,0,4,1,3,1,6,11,0,0,44,1,43,0,41,1,41,0,41,1,1,1,1,0,1,2,1,0,0,0
0,0,0,0,0,1,0,3,3,0,1,0,0,0,0,0,1,0,1,0,1,0,1,1,1,1,1,0,1,30,15
0,0,0,0,0,1,0,0,4,0,0,41,1,38,1,8,1,4,1,0,0,0,0,0,0,0,0,0,0,0,0
0,0,0,0,0,3,1,3,5,0,0,43,0,43,1,45,0,6,1,10,1,1,0,0,0,0,2,0,1,30,30
0,0,0,0,0,1,0,3,4,0,0,38,1,42,0,6,1,9,1,0,1,1,1,1,1,0,0,0,0,30,30
0,0,1,7,1,1,0,3,3,2,1,33,0,31,1,2,1,0,1,0,0,1,0,0,1,1,1,1,0,0,0
0,0,1,2,0,1,0,3,3,0,0,30,1,35,1,4,1,0,1,0,0,0,0,1,1,1,0,0,0,30,0
0,0,1,2,1,3,0,6,3,0,0,34,1,36,1,3,1,0,1,0,0,1,1,1,1,1,0,0,0,20,20
0,0,0,0,0,1,0,6,2,2,0,23,1,22,1,0,1,0,1,0,1,0,0,0,0,0,1,1,0,0,0
0,0,1,7,0,1,0,5,3,0,1,40,0,37,0,4,1,0,1,0,0,0,0,1,1,0,1,0,1,15,15
0,0,1,2,0,1,0,3,2,2,1,25,0,22,1,0,1,0,1,0,1,0,1,1,0,1,1,0,0,0,0
0,0,0,0,0,1,0,3,4,3,0,62,1,65,0,6,0,1,1,0,0,0,1,1,1,0,0,0,0,0,0
0,0,0,0,0,3,0,3,4,0,1,47,0,46,0,71,0,7,1,0,1,1,1,1,1,1,0,0,0,0,60
0,0,0,0,0,1,0,0,4,0,0,0,1,0,1,0,1,0,1,0,1,1,1,1,0,1,3,0,0,45,10
0,0,1,5,0,1,0,11,4,0,1,36,0,31,1,6,1,7,1,0,1,1,1,1,0,1,0,0,0,0,0
0,1,1,7,0,3,1,3,3,0,0,33,0,8,0,10,1,0,1,0,1,0,0,0,0,1,0,0,0,0,0
0,0,1,2,0,5,1,3,5,1,0,26,0,20,0,40,1,41,0,52,1,0,0,0,0,0,2,0,1,30,30
0,0,0,0,0,3,1,6,3,0,1,7,0,7,0,29,1,0,1,0,0,1,0,0,1,1,3,1,1,0,0
0,0,1,2,1,1,0,3,4,0,0,32,1,34,0,5,1,3,1,0,0,1,1,1,1,1,0,1,0,15,15
0,0,0,0,0,5,1,3,4,0,0,12,0,12,0,40,1,40,1,0,1,1,0,0,1,1,0,0,0,60,45
0,0,0,0,0,1,0,5,4,0,1,46,0,40,1,10,0,8,1,0,1,0,1,1,1,1,0,0,1,10,60
0,1,0,0,0,5,1,3,5,0,1,75,0,16,1,12,0,9,0,46,1,1,1,1,1,1,1,1,0,60,60
0,0,0,0,0,1,0,3,4,0,0,43,1,44,0,0,0,9,1,0,1,1,1,1,1,1,0,1,1,0,0
0,0,0,0,0,1,0,37,2,2,1,25,0,23,1,0,1,0,1,0,0,0,0,0,1,0,0,0,0,20,10
0,0,1,7,1,1,0,24,4,0,1,37,0,36,1,8,1,4,1,0,1,1,0,0,0,1,2,1,0,60,45
0,0,0,0,0,1,0,0,4,0,1,40,0,37,1,11,1,3,1,0,0,0,0,0,1,0,1,0,0,0,10
0,0,0,0,0,3,0,25,2,2,1,49,0,39,1,0,1,0,1,0,1,0,0,0,0,1,2,0,0,0,0
0,0,0,0,0,3,1,3,5,0,0,55,0,44,1,30,1,25,0,11,1,1,1,1,1,1,1,1,0,0,0
0,0,0,0,0,3,0,0,2,1,0,0,1,0,1,0,1,0,1,0,1,0,0,0,0,0,2,0,0,0,0
0,0,0,0,0,3,1,1,4,0,0,40,1,40,0,4,0,4,1,0,0,1,1,1,1,1,0,0,0,0,0
0,0,1,8,1,1,0,2,5,0,1,51,0,44,0,72,0,12,0,9,1,1,0,1,1,1,2,0,1,30,30
0,0,0,0,0,1,0,5,2,2,1,28,0,24,1,0,1,0,1,0,1,0,1,1,0,0,2,0,1,60,45
0,0,1,1,0,1,0,4,4,0,0,38,1,38,0,10,0,5,1,0,0,0,0,0,1,0,3,1,1,30,40
0,0,0,0,0,1,0,3,5,0,0,36,1,34,1,19,1,6,0,4,1,0,0,0,1,0,1,0,0,0,15
0,0,1,8,1,1,0,6,4,0,1,0,0,0,0,0,0,0,1,0,1,0,0,1,0,1,2,1,0,30,30
0,0,0,0,0,1,0,2,4,0,1,39,0,35,1,7,1,4,1,0,0,1,0,1,0,0,1,0,0,45,20
0,0,0,0,0,3,0,3,4,1,0,29,1,29,0,35,1,35,1,0,1,0,0,0,0,0,3,0,0,0,0
0,0,0,0,0,1,0,3,4,1,1,25,0,26,1,25,0,27,1,0,1,1,0,0,1,1,2,0,1,45,45
0,0,0,0,0,3,0,3,4,0,1,39,0,21,1,15,1,10,1,0,1,0,0,0,0,0,1,0,1,30,30
0,0,0,0,0,1,1,3,5,1,0,35,1,40,1,10,1,8,1,6,1,0,1,1,1,0,3,0,0,0,0
0,0,1,5,1,1,0,3,4,1,1,23,1,37,0,34,0,23,1,0,1,0,0,1,1,1,1,0,1,10,15
0,0,1,4,0,5,1,1,5,0,1,37,0,30,1,14,1,12,1,7,1,0,1,1,0,1,1,0,0,15,15
0,0,0,0,0,1,0,4,2,2,0,25,1,28,1,0,1,0,1,0,0,0,0,1,0,0,2,0,0,0,0
0,0,0,0,0,3,0,3,5,0,0,40,1,40,0,35,1,28,0,0,1,0,0,1,1,0,3,1,0,0,20
0,0,1,5,0,3,0,3,2,2,1,28,0,25,1,0,1,0,1,0,1,1,1,0,0,1,0,1,0,0,30
0,0,0,0,0,1,0,4,5,0,1,43,0,43,1,11,0,9,1,8,0,0,0,1,1,0,1,0,0,0,0
0,0,0,0,0,3,0,34,4,0,0,38,1,40,0,6,1,9,1,0,1,1,0,1,1,0,0,0,0,45,30
0,0,1,4,0,3,0,3,4,0,0,51,1,43,0,19,1,17,1,0,1,1,1,1,0,0,2,0,0,30,30
0,0,0,0,0,3,0,5,4,3,1,39,0,30,1,11,0,7,1,0,1,1,1,1,1,1,0,0,1,30,30
0,0,0,0,0,1,0,4,4,0,0,32,1,38,0,3,1,7,1,0,0,0,1,0,1,1,1,0,1,45,30
0,0,0,0,0,1,0,38,5,0,1,50,0,40,0,10,0,9,1,2,0,0,1,0,0,1,1,0,0,10,15
0,1,1,2,0,5,1,3,3,1,0,39,0,46,1,9,1,0,1,0,1,1,1,1,1,1,1,0,1,30,30
0,0,0,0,0,3,0,4,2,2,0,28,1,23,1,0,1,0,1,0,1,1,1,1,1,1,1,0,0,0,0
0,0,1,6,0,5,1,3,4,0,0,33,0,33,0,4,1,34,1,0,1,1,0,0,1,1,2,0,0,45,45
0,0,1,14,1,5,1,3,4,0,0,35,1,39,0,10,0,4,1,0,0,1,1,1,1,0,1,1,1,20,20
0,0,1,0,0,3,1,3,4,0,1,43,0,40,0,9,1,7,1,0,1,1,1,0,0,0,0,0,0,0,20
0,0,0,0,0,1,0,3,3,0,0,44,1,47,1,17,1,0,1,0,1,1,0,1,1,1,2,1,1,0,30
0,0,1,4,0,3,0,3,4,0,0,38,1,48,1,9,1,6,1,0,0,0,0,0,0,1,2,1,0,15,15
0,0,0,0,0,5,1,3,5,3,0,37,0,56,1,53,1,50,0,10,1,1,0,0,0,0,2,0,0,0,0
0,0,0,0,0,3,0,3,5,3,0,43,1,45,0,16,0,5,1,12,1,0,0,0,0,1,1,0,1,30,30
0,0,1,6,1,5,1,3,2,3,0,45,1,15,1,0,1,0,1,0,0,1,1,1,1,1,3,1,1,20,20
0,0,1,8,0,5,0,3,3,3,0,44,1,39,1,8,1,0,1,0,1,1,1,1,1,1,2,1,0,20,10
0,1,1,10,0,1,0,0,5,3,1,45,0,42,0,7,0,5,1,12,1,1,1,1,1,1,1,0,0,0,0
0,0,0,0,0,1,0,3,6,3,1,56,0,52,0,33,1,11,1,9,0,1,0,0,1,1,0,0,0,15,20
0,0,1,8,1,5,1,3,8,1,0,38,1,38,0,38,1,43,1,0,1,1,1,0,1,1,1,1,1,30,30
0,0,0,0,0,3,1,3,6,3,0,40,0,35,1,35,1,14,1,10,1,1,0,0,0,1,2,0,1,30,30
0,0,1,14,0,3,1,3,4,3,0,40,1,42,0,14,0,7,1,0,0,1,0,1,1,1,1,1,0,0,0
0,1,1,8,0,5,0,3,3,3,1,0,1,0,1,0,1,0,1,0,1,0,0,0,0,0,0,0,1,10,10
0,1,1,9,1,5,1,3,4,3,0,37,1,39,1,7,1,4,1,0,1,1,0,0,0,1,1,1,1,30,30
0,0,1,4,1,3,0,3,4,0,1,38,0,37,1,10,0,6,1,0,1,1,0,0,0,1,2,0,0,60,40
0,0,0,0,0,3,0,3,5,0,1,18,1,43,0,44,1,14,1,20,1,1,1,1,1,0,1,0,1,40,15
0,0,0,0,0,3,1,3,3,0,0,30,1,34,1,5,1,0,1,0,1,0,1,1,1,0,0,0,0,15,15
0,0,1,8,0,3,0,3,3,0,1,0,1,0,1,0,1,0,1,0,0,1,0,0,0,0,0,0,0,0,0
0,0,1,8,0,5,1,32,3,0,1,59,1,27,1,24,1,0,1,0,1,0,1,0,0,1,1,1,1,60,30
0,0,0,0,0,3,0,3,4,0,1,0,1,0,1,0,1,0,1,0,1,1,1,1,1,1,0,0,0,30,30
0,1,0,0,0,5,1,3,3,0,1,36,0,38,1,3,1,0,1,0,0,1,1,1,1,1,2,0,1,20,30
0,0,1,6,0,3,0,2,4,0,1,40,0,38,0,8,1,6,1,0,0,1,0,0,1,1,2,0,1,60,45
0,0,0,0,0,1,0,2,8,3,1,42,1,40,0,40,0,38,1,8,0,1,0,0,1,0,1,0,1,20,10
0,0,1,14,0,1,0,3,4,0,1,32,0,30,1,7,1,5,1,0,1,1,1,1,1,1,2,1,0,0,0
0,0,1,6,0,3,1,3,4,0,1,42,0,40,1,10,1,6,1,0,0,1,0,0,0,1,2,1,0,0,45
0,0,1,8,1,3,1,1,3,0,1,51,0,50,0,10,1,0,1,0,1,0,0,1,1,1,2,1,1,45,20
0,0,0,0,0,3,1,3,4,0,1,41,0,28,1,2,0,1,1,0,1,0,0,1,1,0,2,0,0,0,20
0,0,0,0,0,5,1,3,4,0,0,40,0,11,0,9,1,42,1,0,1,0,0,0,0,1,0,0,0,10,15
0,0,0,14,1,3,0,3,4,0,1,51,0,40,1,10,1,8,1,0,1,1,1,1,1,1,2,1,1,0,0
0,0,0,0,0,5,1,3,5,0,0,21,0,21,1,30,1,25,1,23,1,1,0,0,0,1,1,0,1,45,30
0,0,0,0,0,3,1,3,3,0,0,36,1,39,0,8,1,0,1,0,0,1,1,1,1,1,2,0,1,15,15
0,0,1,14,0,1,0,3,2,0,0,17,1,4,1,0,1,0,1,0,0,0,1,0,1,1,2,0,1,10,10
0,1,0,0,0,3,0,3,2,0,0,25,0,49,1,0,1,0,1,0,1,1,1,1,1,1,0,0,0,0,30
0,0,1,14,0,3,1,3,5,0,1,31,0,31,0,66,0,2,1,6,0,0,0,1,0,1,2,0,1,20,20
0,0,0,0,0,1,0,3,10,1,1,0,1,0,1,0,1,0,1,0,1,0,1,0,1,1,1,0,0,0,0
0,0,0,0,0,1,0,11,7,0,0,53,1,57,0,33,0,6,1,9,1,0,0,1,1,1,2,0,1,30,30
0,0,1,4,1,5,1,3,4,0,0,33,1,38,1,8,0,4,1,0,0,0,0,0,0,0,1,0,1,30,15
0,0,1,4,1,5,1,3,4,0,1,32,0,30,1,6,0,4,1,0,1,1,0,0,0,0,2,1,0,0,45
0,0,0,0,0,3,0,3,4,0,1,37,0,34,1,9,0,7,1,0,1,1,0,0,1,1,1,1,1,30,30
0,0,0,0,0,1,0,4,3,1,1,0,1,0,1,0,1,0,1,0,1,1,0,1,1,1,1,0,0,0,0
0,0,1,4,0,1,0,3,4,0,1,37,0,35,1,8,1,4,1,0,0,1,0,0,0,0,0,1,0,0,0
0,0,0,0,0,3,0,6,2,0,0,45,0,9,1,0,1,0,1,0,1,1,1,1,1,1,0,0,0,30,30
0,0,0,0,0,1,0,3,2,2,1,36,0,27,1,0,1,0,1,0,1,0,0,1,0,1,2,0,0,0,0
0,0,1,8,1,5,0,3,4,0,0,46,1,48,0,12,0,15,1,0,1,0,0,0,1,0,3,1,1,30,10
0,0,1,4,1,1,0,3,3,0,1,0,1,0,1,0,1,0,1,0,0,1,1,1,1,1,0,1,0,0,0
0,0,0,0,0,3,1,3,2,0,0,15,1,53,1,0,1,0,1,0,0,1,1,1,0,1,0,0,0,20,0
0,0,1,4,0,1,0,3,3,0,0,34,0,37,1,37,1,0,1,0,0,0,0,0,0,1,2,0,0,0,0
0,0,1,6,0,1,0,12,5,0,1,0,1,0,1,0,1,0,1,0,0,0,1,0,0,0,1,0,0,0,0
0,0,1,8,1,1,0,3,5,0,0,60,0,36,1,34,1,5,1,7,0,0,0,0,1,0,0,1,0,15,10
0,0,0,0,0,3,0,33,2,2,0,22,1,22,1,0,1,0,1,0,1,0,0,0,0,0,3,0,1,20,20
0,0,1,9,0,3,0,3,4,0,0,38,1,38,1,8,0,5,1,0,1,0,0,0,1,1,2,0,1,30,30
0,0,1,14,1,3,0,3,4,0,1,35,0,35,1,6,0,3,1,0,1,0,0,1,0,1,2,1,0,0,0
0,0,1,8,0,1,0,3,4,0,1,38,0,36,1,11,1,4,1,0,1,1,0,0,0,1,1,0,0,0,0
0,0,0,0,0,1,0,5,4,0,1,42,0,43,1,13,1,5,1,0,1,0,1,1,1,1,2,0,0,0,0
0,0,0,0,0,1,0,3,5,0,0,34,1,23,0,10,1,9,1,8,0,1,0,1,1,0,1,0,0,0,0
0,0,0,0,0,3,0,3,4,1,0,21,0,26,1,25,1,24,1,0,1,0,0,0,1,1,1,0,1,10,20
0,0,0,0,0,1,0,11,4,0,1,47,0,46,0,10,1,11,1,0,1,0,0,0,0,0,0,0,0,0,0
0,0,1,4,0,3,1,1,8,0,1,44,0,43,0,17,0,16,1,0,1,0,1,0,0,0,0,0,1,15,20
0,0,1,14,1,3,0,1,5,1,1,40,0,33,0,33,0,33,1,35,1,1,0,0,0,1,1,1,1,50,30
0,0,0,0,0,3,1,3,5,0,1,47,0,43,1,20,0,21,0,12,1,1,1,1,1,0,1,1,0,15,15
0,1,1,4,1,3,0,3,4,0,1,45,0,36,1,11,0,8,1,0,1,0,0,0,0,1,2,0,0,0,30
0,0,0,0,0,3,1,3,5,0,1,0,1,0,1,0,1,0,1,0,1,1,0,0,0,1,3,0,1,15,15
0,1,0,0,0,5,0,3,3,0,0,12,1,37,0,48,1,0,1,0,1,1,1,1,1,1,0,1,0,60,45
0,0,0,0,0,1,0,18,4,0,1,43,0,42,1,10,0,6,1,0,1,1,1,1,0,1,0,0,0,10,10
0,0,0,0,0,5,1,3,4,0,0,36,0,4,1,6,1,0,1,0,1,0,0,1,1,0,1,0,0,0,30
0,0,0,0,0,1,0,24,1,3,1,26,1,0,1,0,1,0,1,0,1,0,1,1,1,1,1,0,0,30,15
0,0,0,0,0,1,0,39,2,2,0,30,1,33,1,0,1,0,1,0,1,0,1,0,0,0,3,0,0,0,0
0,0,0,0,0,5,1,3,2,0,0,21,0,19,1,0,1,0,1,0,1,1,0,0,1,1,2,0,1,75,30
0,0,0,0,0,1,0,18,3,0,0,39,1,40,1,3,1,0,1,0,0,0,0,0,0,0,0,0,1,0,0
0,0,0,0,0,1,0,29,3,0,1,42,0,38,0,10,1,0,1,0,0,1,0,1,1,0,1,0,0,15,5
0,0,0,0,0,1,0,0,3,0,1,25,0,26,0,4,1,0,1,0,1,1,1,0,1,1,0,0,0,30,30
0,0,0,0,0,1,0,18,7,1,1,0,1,0,1,0,1,0,1,0,1,0,0,0,0,0,0,0,0,0,0
0,0,0,0,0,3,0,3,2,2,1,25,0,22,1,0,1,0,1,0,1,0,1,0,1,1,3,0,0,20,30
0,0,0,0,0,1,0,3,4,0,1,43,0,40,1,12,0,8,1,0,1,1,0,0,0,0,1,0,1,60,60
0,0,0,0,0,3,0,3,1,3,1,0,1,0,1,0,1,0,1,0,1,1,1,1,1,1,2,0,1,30,15
0,0,1,10,1,1,0,5,7,0,0,38,1,37,1,6,0,35,1,37,0,1,1,1,1,1,2,0,0,60,45
0,0,1,8,1,3,1,3,4,0,1,42,0,43,0,9,0,8,1,0,1,1,1,1,1,1,2,1,1,45,45
0,1,0,0,0,3,0,34,4,0,1,42,0,37,1,9,1,2,1,0,1,0,0,0,0,0,1,0,0,10,10
0,0,0,0,0,3,1,3,4,0,1,35,0,35,1,11,0,9,1,0,1,1,0,0,1,0,2,0,0,0,0
0,0,0,0,0,3,1,3,5,0,0,40,1,34,1,11,1,6,0,4,1,0,0,0,1,0,2,0,0,30,30
0,0,1,8,1,3,0,3,8,0,1,0,1,0,1,0,1,0,1,0,1,1,1,1,1,1,0,1,0,0,0
0,0,1,9,1,3,0,3,5,1,1,53,0,50,1,51,0,50,1,51,1,0,0,0,0,0,2,0,1,20,30
0,0,1,10,0,5,1,18,4,0,0,41,1,45,0,16,0,10,1,0,1,0,0,0,0,1,2,0,1,30,30
0,0,0,0,0,1,0,6,4,0,1,36,0,35,0,6,1,2,1,0,0,1,1,1,0,0,1,0,0,0,0
0,0,1,4,1,3,0,3,2,2,0,26,1,22,1,0,1,0,1,0,0,0,0,0,0,1,1,0,0,0,40
0,0,0,0,0,3,1,3,5,0,1,0,1,0,1,0,1,0,1,0,1,0,0,0,0,0,0,0,0,0,15
0,0,1,14,1,1,0,3,1,0,1,0,1,0,1,0,1,0,1,0,1,1,0,0,0,0,0,0,1,0,0
0,0,0,0,0,1,0,2,3,0,1,44,0,40,0,2,1,0,1,0,0,0,0,0,1,1,1,0,1,30,30
0,0,1,2,0,3,0,3,4,0,1,39,0,36,0,5,1,3,1,0,0,0,0,0,1,1,0,0,0,30,30
0,0,0,0,0,3,1,2,5,1,0,40,0,0,0,9,0,5,0,7,1,0,1,1,0,0,1,0,0,30,30
0,0,1,9,0,5,1,4,4,0,0,51,1,19,0,18,1,0,1,0,1,0,0,0,0,0,1,0,0,0,0
0,0,0,0,0,1,0,40,4,0,0,39,1,39,0,12,1,9,1,0,0,0,1,0,0,0,1,0,0,0,0
0,0,0,0,0,1,0,0,2,0,1,55,1,11,1,0,1,0,1,0,0,0,0,0,0,1,0,0,0,0,0
0,0,1,14,1,3,1,3,4,0,1,33,0,27,1,6,1,7,1,0,0,1,0,1,1,0,2,1,0,0,40
0,0,0,0,0,1,0,0,4,0,0,44,1,45,0,8,0,8,1,0,1,0,1,0,0,1,0,0,1,40,30
0,0,0,0,0,1,0,3,5,0,0,20,0,46,0,17,1,46,1,10,1,0,0,0,0,0,2,0,0,0,0
0,0,0,0,0,1,0,6,2,2,0,30,1,33,1,0,1,0,1,0,1,1,1,1,1,1,2,0,0,30,40
0,1,1,2,0,1,0,4,4,0,0,6,0,37,1,7,1,35,1,0,0,0,0,1,0,0,2,1,1,30,30
0,0,1,2,1,3,1,2,4,0,0,37,1,43,0,12,1,6,1,0,1,0,0,0,1,1,1,0,1,60,15
0,0,1,10,0,3,1,3,5,0,1,38,0,38,0,12,1,8,1,0,0,1,1,0,0,0,3,0,1,30,30
0,0,0,0,0,3,1,5,2,2,1,0,1,0,1,0,1,0,1,0,0,1,1,0,0,0,1,0,0,20,10
0,0,0,0,0,5,1,5,34,3,1,0,1,0,1,0,1,0,1,0,1,0,1,1,1,1,3,0,1,0,10
0,0,0,0,0,3,1,3,4,0,1,0,1,0,1,0,1,0,1,0,0,1,0,1,1,0,0,0,0,40,40
0,0,0,0,0,1,0,3,5,1,0,30,0,30,0,26,1,26,1,4,1,1,0,0,0,1,1,0,0,0,0
0,0,0,0,0,3,1,15,4,0,0,31,1,36,1,11,1,4,1,0,0,0,0,1,1,0,0,0,0,20,10
0,1,0,0,0,5,1,3,5,0,1,50,0,48,0,14,0,9,1,6,1,0,1,1,0,1,1,1,1,60,60
0,1,1,0,0,3,1,3,2,1,0,44,0,14,1,0,1,0,1,0,1,0,0,0,0,1,2,1,1,30,20
0,0,1,14,1,3,0,3,4,0,1,34,0,33,1,5,0,2,1,0,0,0,1,1,1,0,0,1,0,0,0
0,0,1,14,1,1,0,3,4,0,0,28,1,34,1,5,0,2,1,0,0,1,0,1,1,1,0,0,0,90,45
0,0,0,0,0,5,1,3,5,0,1,0,1,0,1,0,1,0,1,0,1,0,1,0,0,0,2,0,1,0,120
0,0,1,9,0,3,1,1,1,3,1,0,1,0,1,0,1,0,1,0,1,1,1,1,0,0,1,0,1,30,25
0,0,0,0,0,3,0,5,5,0,1,40,0,40,1,14,0,11,1,8,1,0,0,1,0,0,0,0,0,0,0
0,0,1,2,0,3,0,6,4,0,1,39,0,39,0,7,0,4,1,0,0,0,0,1,1,0,2,1,0,30,30
0,0,1,2,0,3,0,3,4,0,1,44,0,40,0,9,0,7,1,0,0,1,0,1,1,0,0,0,0,0,45
0,0,0,0,0,1,0,5,4,0,1,34,0,31,0,5,0,5,1,0,0,0,1,0,1,0,1,0,0,0,0
0,0,1,2,0,1,0,5,4,0,0,37,1,41,0,9,1,6,1,0,1,1,1,1,1,1,1,0,1,30,30
0,0,0,0,0,3,1,23,5,0,1,37,0,34,1,12,1,9,0,6,1,0,1,1,1,1,2,0,1,10,0
0,0,0,0,0,5,0,0,4,0,1,34,0,34,1,33,0,6,1,0,0,0,1,1,1,1,3,0,0,0,0
0,0,1,0,0,3,0,0,3,3,1,0,1,0,1,0,1,0,1,0,1,1,1,1,1,1,2,0,0,10,120
0,0,1,14,1,1,0,3,3,0,1,46,0,48,1,6,1,0,1,0,0,1,1,1,0,0,2,1,0,15,15
0,0,0,0,0,3,1,3,4,0,1,35,0,50,0,27,0,32,1,0,1,0,1,1,0,0,1,0,0,0,0
0,0,0,0,0,1,0,5,1,3,1,0,1,0,1,0,1,0,1,0,1,1,1,1,1,1,0,0,0,0,0
0,0,1,8,1,3,0,24,4,0,0,25,0,23,0,16,0,46,1,0,1,0,0,0,0,1,1,1,1,30,30
0,0,1,0,0,1,0,4,5,0,1,37,0,35,1,12,1,11,1,9,0,0,0,0,0,0,1,0,1,60,30
0,0,0,0,0,3,0,2,4,0,0,35,1,33,0,2,0,6,1,0,1,0,0,0,1,1,0,0,0,30,30
0,0,0,0,0,3,1,3,6,0,1,0,1,0,1,0,1,0,1,0,1,0,1,0,0,1,0,0,1,45,0
0,0,1,4,0,5,1,1,3,0,0,24,0,25,1,3,1,0,1,0,0,1,0,1,1,0,1,1,1,30,20
0,0,1,4,0,1,0,6,8,0,1,0,1,0,1,0,1,0,1,0,0,0,0,0,0,1,1,0,0,0,0
0,0,1,8,0,3,0,1,4,0,1,38,0,35,1,10,1,6,1,0,1,1,0,0,1,0,2,0,0,30,30
0,0,1,10,0,1,0,3,4,0,0,27,1,28,0,8,0,4,1,0,0,0,1,1,1,1,2,0,1,5,5
0,0,1,14,1,1,0,3,4,1,0,38,1,38,0,7,1,4,1,0,0,0,0,0,0,1,2,1,0,0,0
0,0,0,0,0,1,0,30,6,0,0,43,1,44,0,12,0,8,1,8,1,1,0,0,1,1,1,0,0,0,0
0,0,1,2,1,1,0,3,4,0,0,45,1,46,0,13,1,15,1,0,0,1,0,0,0,0,2,1,0,15,15
0,0,1,4,0,3,0,7,5,0,1,37,0,32,0,12,1,5,0,2,1,1,1,1,1,1,1,0,0,10,10
0,0,0,0,0,3,1,3,3,1,0,44,0,49,1,3,1,0,1,0,0,1,0,1,1,0,1,1,0,30,30
0,0,1,2,1,1,0,3,3,0,0,30,1,31,1,3,1,0,1,0,0,1,0,1,1,1,2,1,0,0,10
0,0,0,0,0,3,0,2,4,0,1,40,0,39,1,10,1,7,1,0,1,1,1,1,1,1,2,0,1,60,30
0,0,0,0,0,3,0,3,8,0,1,0,1,0,1,0,1,0,1,0,1,1,1,1,0,1,0,0,0,0,0
0,0,1,14,1,1,0,3,4,0,1,38,0,35,1,11,1,7,1,0,1,0,0,0,1,0,0,1,1,15,15
0,0,0,0,0,3,1,5,5,0,0,26,1,28,1,1,0,55,1,24,0,0,1,1,1,1,2,0,0,50,30
0,0,1,0,1,3,1,3,5,0,1,46,0,41,0,11,0,9,1,8,1,0,0,0,0,0,1,1,1,0,5
0,0,1,8,1,5,1,3,4,0,0,0,0,0,0,0,1,0,1,0,0,1,1,1,1,1,0,1,1,45,10
0,0,0,0,0,5,1,3,4,0,1,28,0,27,0,24,0,19,1,0,1,0,0,1,0,1,1,0,1,45,60
0,0,1,8,1,3,1,1,5,0,1,0,0,0,1,0,0,0,0,0,0,0,0,0,0,1,0,1,0,0,0
0,0,1,9,0,5,0,3,3,0,1,38,0,38,0,5,1,0,1,0,0,1,0,1,1,1,1,0,0,0,15
0,0,0,0,0,5,0,3,2,1,0,0,0,0,1,0,1,0,1,0,0,0,0,0,0,1,2,0,0,20,20
0,0,0,0,0,1,0,25,3,0,0,49,1,47,0,6,1,0,1,0,0,0,0,0,0,0,0,0,0,0,0
0,0,1,2,1,3,0,10,3,0,1,35,0,34,1,6,1,0,1,0,1,1,1,0,0,0,1,0,1,10,20
0,0,1,9,1,1,0,3,5,0,1,0,1,0,1,0,1,0,1,0,1,0,0,0,1,1,2,1,0,0,0
0,0,0,0,0,3,0,5,4,3,1,34,0,34,1,5,0,3,1,0,0,0,1,1,1,1,2,0,0,0,0
0,0,0,0,0,3,0,2,4,0,1,43,0,30,1,11,1,9,1,0,1,0,0,1,0,0,1,0,1,45,45
0,0,1,14,1,3,0,1,5,1,1,40,0,33,1,33,0,33,1,0,1,0,0,0,0,1,1,1,1,40,30
0,0,1,2,0,3,1,3,9,1,1,45,0,40,1,45,0,40,1,0,1,1,1,0,0,0,2,0,1,60,30
0,0,0,0,0,1,0,3,3,0,1,78,0,72,0,10,1,0,1,0,1,1,1,0,1,0,1,0,1,15,30
0,0,1,8,1,3,1,3,4,0,1,45,0,38,0,12,0,7,1,0,0,1,0,0,1,1,1,1,0,0,0
0,0,0,0,0,3,0,3,4,0,0,35,0,29,1,6,1,4,1,0,0,1,0,1,1,1,0,0,1,10,10
0,0,1,8,1,1,0,3,4,0,1,38,0,37,1,11,1,4,1,0,1,1,1,1,1,1,1,0,1,30,30
0,0,0,0,0,3,1,3,5,0,0,35,1,35,0,7,1,5,0,2,1,1,0,0,0,1,2,0,0,0,20
0,0,1,4,0,1,0,14,3,0,1,46,0,40,1,5,1,0,1,0,1,0,1,1,1,0,2,0,1,60,45
0,0,1,2,0,5,1,5,2,2,0,21,0,21,1,0,1,0,1,0,1,1,1,1,0,0,2,0,1,90,60
0,0,0,0,0,1,0,3,4,0,1,51,0,48,1,13,1,10,1,0,0,0,0,0,0,0,0,0,0,0,0
0,0,0,0,0,1,0,3,3,0,1,29,0,27,1,2,1,0,1,0,0,1,1,1,1,0,0,0,0,0,20
0,0,0,0,0,5,1,3,3,0,1,0,0,0,0,0,1,0,1,0,1,1,0,0,0,1,2,0,0,60,60
0,0,0,0,0,1,0,5,5,0,1,43,0,39,0,9,0,7,0,5,0,1,0,0,1,1,3,0,1,20,20
0,0,1,4,1,1,0,3,4,0,1,43,0,30,1,15,0,13,1,0,0,1,1,0,0,1,1,1,0,0,30
0,1,0,0,0,5,1,3,4,0,0,28,1,30,0,5,1,2,1,0,0,1,0,1,1,1,2,0,1,45,45
0,0,1,4,1,3,1,3,2,0,0,30,1,6,1,0,1,0,1,0,1,1,1,0,1,0,0,0,0,0,0
0,0,1,4,0,1,0,3,3,0,1,28,0,26,1,4,1,0,1,0,0,0,0,1,1,0,0,0,0,30,30
0,0,0,0,0,5,1,3,4,0,0,18,0,17,0,12,0,10,1,0,1,0,0,0,0,0,1,1,0,0,30
0,0,1,8,0,3,1,3,4,0,1,0,0,0,0,0,0,0,1,0,1,1,1,0,0,0,1,1,0,30,30
0,0,0,0,0,5,0,3,4,0,1,0,0,0,0,0,1,0,1,0,1,1,0,0,0,0,0,0,0,30,30
0,0,0,0,0,1,0,3,3,0,1,48,0,48,0,12,1,0,1,0,1,1,0,1,1,0,2,0,1,45,45
0,1,0,0,0,1,0,3,4,0,0,21,0,26,1,25,1,25,1,0,1,1,0,0,0,1,1,0,1,20,20
0,0,1,4,0,1,0,3,5,0,1,40,0,38,1,11,1,5,0,4,0,0,0,0,0,1,0,0,1,60,20
0,0,1,2,1,1,0,41,4,0,1,41,0,37,0,4,0,7,1,0,0,0,0,1,1,1,2,0,0,0,0
0,0,1,9,0,1,0,3,3,0,0,34,1,42,0,6,1,0,1,0,1,1,0,0,0,1,2,0,0,0,0
0,1,0,0,0,5,0,3,4,0,0,31,1,33,1,7,1,3,1,0,1,1,0,1,1,0,2,0,1,15,15
0,0,1,4,0,5,1,24,4,0,1,28,0,26,0,42,0,5,1,0,1,1,1,1,1,1,0,1,1,25,15
0,0,1,4,0,3,0,7,5,0,0,32,1,37,0,12,1,5,0,2,1,1,1,1,1,1,1,0,0,20,20
0,0,0,0,0,3,1,3,6,0,0,33,1,39,1,6,0,4,0,17,1,0,0,1,1,0,2,0,0,0,0
0,1,0,0,0,1,0,4,4,0,0,19,0,20,0,18,0,17,1,0,0,0,0,1,0,0,0,0,0,30,15
0,0,0,0,0,1,0,3,3,0,0,45,1,46,1,9,1,0,1,0,1,0,0,0,0,0,1,0,0,0,30
0,1,0,0,0,3,0,25,4,0,1,41,0,38,1,11,0,9,1,0,0,1,0,1,0,1,1,0,0,30,30
0,1,0,0,0,3,1,3,3,0,1,0,1,0,0,0,1,0,1,0,0,0,0,0,1,1,1,0,0,0,45
0,0,1,9,0,1,0,3,5,0,1,34,0,33,1,5,1,3,1,0,0,1,0,1,0,0,1,0,1,20,20
0,0,0,0,0,3,0,3,5,0,0,33,1,40,1,35,1,6,1,4,1,1,0,0,0,1,0,0,0,0,0
0,0,0,0,0,1,0,0,9,0,1,0,1,0,1,0,1,0,1,0,0,0,0,0,0,0,0,0,0,0,0
0,0,0,0,0,3,0,3,4,0,1,47,0,45,1,17,1,9,1,0,1,1,1,1,1,0,2,0,0,30,30
0,0,0,0,0,1,0,3,3,0,0,45,0,17,0,10,1,0,1,0,1,1,1,1,1,0,0,0,1,10,10
0,0,1,6,0,3,0,3,3,0,1,28,0,26,1,6,1,0,1,0,0,1,0,1,1,1,1,1,0,0,0
0,0,1,10,0,1,0,3,4,0,1,0,1,0,1,0,1,0,1,0,0,1,0,0,0,0,2,1,1,0,0
0,0,0,0,0,3,0,3,3,0,0,36,0,7,1,11,1,0,1,0,0,1,0,0,0,0,2,0,1,60,45
0,0,1,9,1,3,1,3,5,0,1,0,1,0,1,0,1,0,1,0,1,0,0,0,0,0,1,1,1,15,15
0,0,1,8,0,1,0,3,4,0,1,48,0,44,1,16,0,6,1,0,1,0,0,0,0,1,0,1,1,15,15
0,0,0,0,0,1,0,3,5,0,1,35,0,31,0,7,1,6,0,2,0,1,0,0,1,1,0,0,0,0,0
0,0,0,0,0,3,0,3,2,2,1,25,0,22,1,0,1,0,1,0,1,0,0,0,1,1,2,0,1,30,30
0,0,1,8,0,5,1,3,4,0,0,39,1,38,1,10,1,6,1,0,1,1,0,0,0,0,1,0,0,0,0
0,0,0,0,0,3,1,3,3,0,1,37,0,39,1,17,1,0,1,0,1,1,0,0,0,1,3,0,0,60,30
0,0,0,0,0,1,0,3,4,0,1,45,0,47,0,13,1,11,1,0,0,1,0,1,1,0,2,0,0,0,0
0,0,1,14,0,1,0,5,6,0,1,54,0,53,1,38,0,30,1,7,1,0,1,1,1,0,2,0,0,0,0
0,1,0,0,0,5,1,3,2,0,1,34,1,5,1,0,1,0,1,0,1,1,1,1,1,1,2,0,0,45,45
0,0,1,14,0,1,0,3,3,0,0,40,0,8,1,0,1,0,1,0,1,0,0,1,0,0,0,0,1,20,30
0,0,1,14,1,1,0,3,4,0,1,0,0,0,1,0,1,0,1,0,0,1,1,0,1,0,0,1,0,0,60
0,0,0,0,0,1,0,24,4,0,1,37,0,31,1,8,0,6,1,0,0,0,0,0,1,1,2,0,0,30,30
0,0,0,0,0,1,0,8,4,0,1,49,0,44,1,14,1,11,1,0,0,0,0,0,0,1,2,0,0,0,0
0,0,0,0,0,1,0,4,5,0,1,45,0,44,0,20,0,18,1,10,1,0,1,1,1,0,1,0,1,30,20
0,0,1,8,0,3,1,3,2,2,0,26,1,28,1,0,1,0,1,0,1,0,1,1,1,1,1,1,1,40,45
0,0,1,2,1,1,0,3,4,0,0,45,1,46,0,13,1,15,1,0,0,1,0,1,0,1,0,0,0,15,15
0,0,0,0,0,1,0,3,4,0,0,0,0,0,1,0,0,0,1,0,1,0,0,1,0,1,1,0,1,30,30
0,0,1,4,0,3,1,18,5,0,1,38,0,35,1,5,1,38,0,34,1,0,0,0,0,1,3,0,1,60,10
0,0,1,14,1,5,1,3,4,0,0,41,0,72,1,10,1,10,1,0,1,0,0,0,0,0,1,1,1,30,30
0,0,1,10,0,1,0,24,4,0,1,0,0,0,1,0,0,0,1,0,0,0,0,0,0,1,3,0,0,0,0
0,0,0,0,0,1,0,0,4,0,0,38,0,30,1,6,1,10,1,0,0,0,0,0,0,1,2,0,0,15,30
0,0,0,0,0,3,0,3,2,2,1,24,0,20,1,0,1,0,1,0,1,0,0,0,1,1,2,0,0,0,0
0,1,0,0,0,5,1,3,5,0,1,35,0,32,0,15,0,12,1,0,1,1,1,0,1,1,0,0,1,15,15
0,0,0,0,0,1,0,3,3,0,0,30,1,30,0,5,1,0,1,0,1,1,1,1,1,1,2,0,1,0,30
0,0,0,0,0,3,1,3,4,0,1,35,0,33,1,7,1,4,1,0,1,0,1,1,1,1,2,0,0,10,10
0,0,0,0,0,3,0,3,2,0,0,28,1,9,1,0,1,0,1,0,0,0,1,1,1,0,0,0,0,10,15
0,0,1,0,0,5,1,3,4,0,1,32,0,30,1,6,0,4,1,0,0,0,1,0,1,1,2,0,0,0,40
0,0,0,0,0,3,1,3,4,0,1,37,0,38,0,8,0,5,1,0,0,1,0,1,1,1,1,0,1,20,30
0,0,0,0,0,5,0,18,5,0,1,47,0,43,1,10,0,5,1,0,1,0,1,1,0,0,2,0,0,0,0
0,0,1,2,0,5,0,1,2,2,1,23,0,23,1,0,1,0,1,0,1,1,0,0,0,1,1,0,1,60,40
0,0,1,4,1,3,1,3,5,0,0,38,0,34,1,40,1,42,1,0,1,1,0,0,0,1,3,1,1,90,90
0,1,1,15,0,1,0,11,4,0,1,34,0,32,0,7,1,2,1,0,1,0,0,0,1,1,2,1,0,0,0
0,0,1,15,0,5,1,3,4,0,1,38,0,37,0,6,0,2,1,0,0,0,1,1,1,0,2,0,1,30,45
0,0,0,0,0,1,0,4,3,0,1,0,0,0,1,0,1,0,1,0,1,0,1,1,1,1,0,0,0,15,30
0,0,1,14,0,5,1,3,4,0,1,27,0,27,1,16,0,16,1,0,1,0,0,0,0,0,2,1,1,15,25
0,0,0,0,0,1,0,4,6,0,1,47,0,46,1,27,0,22,0,12,1,0,1,1,0,1,0,0,1,30,15
0,0,1,14,0,3,1,5,2,2,0,28,1,24,1,0,1,0,1,0,0,0,0,0,0,1,2,1,1,30,20
0,0,0,0,0,1,0,5,4,0,0,29,1,33,1,8,0,1,1,0,1,0,1,0,1,0,0,0,0,15,15
0,0,1,2,1,1,0,6,4,0,1,35,0,36,0,7,0,3,1,0,0,1,0,1,1,0,2,1,0,10,10
0,1,0,0,0,5,1,4,3,0,1,42,0,38,1,8,1,0,1,0,0,0,1,1,1,1,3,0,0,0,0
0,0,1,4,1,1,0,3,4,0,1,0,0,0,0,0,0,0,1,0,0,0,0,0,1,1,2,0,0,30,30
0,0,1,8,0,1,0,3,4,0,1,42,0,40,1,11,1,7,1,0,0,1,0,0,1,1,2,1,1,15,10
0,0,0,0,0,5,1,3,4,0,0,32,1,39,0,2,1,5,1,0,1,1,1,0,1,0,2,0,0,0,0
0,0,0,0,0,1,0,3,2,0,0,38,0,13,1,0,1,0,1,0,1,1,0,0,0,0,0,0,1,30,30
0,1,0,0,0,1,0,4,3,0,1,47,0,45,0,8,1,0,1,0,1,0,1,1,0,1,1,0,1,30,30
0,0,1,2,0,1,0,14,6,0,0,8,0,0,1,35,0,40,0,70,1,0,1,0,0,1,0,0,1,30,10
0,0,0,0,0,3,0,0,3,0,1,0,0,0,1,0,1,0,1,0,1,1,1,1,0,1,3,0,1,10,10
0,0,0,0,0,3,0,3,3,0,0,31,1,31,0,2,1,0,1,0,0,1,1,0,0,0,0,0,1,30,30
0,0,0,0,0,3,1,6,4,0,1,35,0,35,0,6,0,4,1,0,0,0,0,0,0,0,1,1,0,0,0
0,0,1,6,0,1,0,3,2,2,1,30,0,22,1,0,1,0,1,0,1,1,1,1,0,1,0,0,0,30,30
0,0,1,14,1,5,1,3,4,0,0,0,1,0,0,0,1,0,1,0,0,1,0,0,1,1,3,1,1,60,30
0,0,1,14,1,5,1,3,4,0,0,0,1,0,0,0,1,0,1,0,0,1,0,0,1,1,3,1,1,60,30
0,1,0,0,0,5,1,3,4,0,1,39,0,38,1,8,1,6,1,0,1,0,0,0,0,1,2,1,1,60,45
0,1,0,0,0,5,1,3,4,3,1,39,0,38,1,8,1,6,1,0,1,0,0,0,0,1,2,1,1,60,45
0,0,0,0,0,3,1,3,5,0,1,25,0,26,0,34,1,7,0,0,0,1,1,0,1,1,2,0,1,15,10
0,0,0,0,0,3,1,3,5,0,1,25,0,26,0,34,1,7,0,0,0,1,1,1,1,1,2,0,1,15,10
0,0,0,0,0,1,0,3,6,3,1,45,0,40,0,19,1,16,0,14,0,1,0,0,1,0,2,0,0,0,15
0,0,0,0,0,3,0,3,4,3,1,43,0,37,1,13,1,10,1,0,1,0,0,0,0,1,0,0,0,0,30
0,0,1,9,0,1,0,42,4,3,0,29,1,27,0,4,1,4,1,0,0,1,0,0,1,1,2,0,0,0,0
0,0,1,4,1,1,0,3,4,3,1,47,0,45,1,9,1,6,1,0,1,0,0,0,1,1,1,0,0,0,0
0,0,0,0,0,3,1,3,5,1,1,55,0,54,1,40,0,40,0,16,1,0,1,1,0,1,2,0,1,30,30
0,0,0,0,0,1,0,3,3,1,0,45,0,16,0,10,1,0,1,0,1,1,1,1,1,1,0,0,1,0,10
0,0,0,0,0,5,1,3,5,3,0,0,0,0,0,0,1,0,1,0,0,1,0,1,1,1,2,0,1,5,5
0,0,1,2,0,3,1,3,4,3,0,42,1,44,0,9,1,5,1,0,0,1,0,0,1,1,1,0,1,20,10
0,0,0,0,0,3,1,3,5,3,0,31,1,35,1,12,1,11,0,8,1,0,0,1,1,1,1,0,1,45,30
0,0,1,9,1,3,0,3,2,3,1,37,0,8,1,0,1,0,1,0,1,0,0,0,1,0,3,0,1,60,45
0,0,1,14,0,1,0,42,6,3,1,63,0,50,1,39,0,38,1,10,1,1,1,0,0,0,2,1,0,0,0
0,0,1,8,1,1,0,3,4,3,0,0,1,0,1,0,1,0,1,0,1,0,1,1,1,0,1,1,1,40,40
0,0,0,0,0,1,0,3,5,1,0,4,1,38,1,11,1,12,1,0,0,0,0,1,0,1,0,0,1,0,15
0,0,1,2,0,3,0,3,4,3,1,44,0,43,0,19,1,15,1,0,1,1,1,1,1,1,2,0,1,15,30
0,0,1,4,1,1,0,3,4,0,0,7,0,5,0,29,1,30,1,0,0,0,0,1,1,0,2,0,0,0,0
0,0,1,10,1,3,1,1,4,0,0,0,1,0,1,0,0,0,1,0,0,0,1,1,1,1,2,1,0,0,30
0,0,0,0,0,5,1,4,4,0,0,0,1,0,0,0,1,0,1,0,0,0,0,0,0,0,0,0,0,0,0
0,0,0,0,0,1,0,3,3,0,0,64,1,62,1,11,1,0,1,0,0,1,0,0,0,1,0,0,1,15,15
0,0,1,2,0,3,0,5,5,0,1,51,0,50,0,25,0,21,0,7,1,1,1,1,1,1,2,0,1,60,30
0,0,0,0,0,5,1,3,4,0,0,38,1,41,1,11,1,5,1,0,1,1,1,1,1,1,2,0,1,15,15
0,0,0,0,0,5,1,3,4,0,0,22,0,18,0,10,0,10,1,0,1,0,0,0,0,0,1,0,0,0,0
0,0,1,14,0,3,0,5,4,0,0,36,1,39,0,5,0,6,1,0,0,0,1,1,1,1,2,0,1,40,20
0,0,0,0,0,5,1,3,7,0,1,30,0,29,1,60,0,56,1,0,0,1,1,0,1,1,3,0,1,30,30
0,0,1,4,0,1,0,1,4,0,0,38,1,35,0,4,0,2,1,0,0,0,0,0,0,1,1,1,0,0,0
0,0,0,0,0,1,0,29,4,3,1,0,1,0,1,0,1,0,1,0,1,1,1,0,1,1,0,0,0,0,0
0,1,1,0,0,3,1,24,4,0,1,0,0,14,1,11,0,0,1,0,1,1,1,0,0,0,0,1,1,30,30
0,0,1,8,1,1,0,5,4,0,1,41,0,36,0,6,1,2,1,0,0,1,1,0,0,0,0,1,0,30,30
0,1,1,0,0,5,1,3,5,0,1,33,0,44,1,10,1,6,0,0,1,0,0,0,0,0,3,0,1,30,30
0,0,1,14,0,3,0,3,4,3,1,40,0,37,1,9,1,6,1,0,0,1,0,0,1,1,1,0,1,30,15
0,0,0,0,0,3,0,3,5,3,1,63,0,60,1,42,0,40,0,32,0,1,1,1,0,0,0,0,0,10,10
0,0,1,4,1,1,0,3,4,3,1,30,0,34,1,11,0,5,1,0,1,1,1,1,1,1,1,1,0,30,15
0,1,0,0,0,3,0,2,5,0,0,43,1,43,1,10,0,9,1,1,0,0,0,0,1,0,3,1,1,0,0
0,0,0,0,0,3,0,3,3,3,1,35,0,30,1,3,1,0,1,0,0,0,0,0,1,0,2,0,0,15,10
0,0,1,10,0,5,1,18,4,0,0,41,1,45,0,16,0,11,1,0,1,1,0,0,0,1,2,0,1,60,30
0,0,0,0,0,1,0,3,2,2,1,19,0,19,1,0,1,0,1,0,1,1,1,1,1,1,1,0,0,30,30
0,0,1,14,1,3,1,3,6,0,0,0,1,0,0,0,0,0,1,0,1,1,0,1,1,0,0,1,1,45,60
0,0,1,14,1,3,0,3,2,2,1,31,0,35,1,0,1,0,1,0,1,1,1,0,0,1,2,1,1,30,30
0,0,1,9,1,1,0,4,4,0,0,31,1,43,0,10,1,11,1,0,1,0,0,1,1,0,2,1,1,0,30
0,0,0,0,0,3,0,3,2,2,0,25,1,29,1,0,1,0,1,0,1,0,0,0,0,1,0,0,0,0,0
0,0,1,8,1,1,0,3,4,0,1,30,0,40,1,9,1,7,1,0,1,0,0,0,0,0,0,0,1,30,30
0,0,0,0,0,3,1,3,4,0,0,39,1,40,1,13,1,9,1,0,0,0,0,0,1,1,1,0,1,30,20
0,0,1,0,1,3,0,28,4,0,1,0,1,0,1,0,1,0,1,0,1,0,0,1,0,0,0,0,0,0,0
0,0,1,2,1,3,1,3,4,0,1,38,1,15,0,11,1,11,1,0,1,1,0,0,1,0,0,0,0,0,30
0,0,0,0,0,3,0,2,4,0,0,39,1,40,0,6,1,9,1,0,0,1,1,0,0,1,2,0,0,0,0
0,0,0,0,0,1,0,3,5,0,1,21,1,28,1,22,0,18,0,0,1,1,1,1,1,1,0,0,0,0,0
0,0,1,4,1,1,0,3,4,0,1,55,0,56,1,5,1,4,1,0,0,1,0,1,0,0,1,1,0,30,30
0,0,0,0,0,3,0,3,3,0,1,53,0,44,1,10,1,0,1,0,1,1,0,0,0,1,2,0,0,30,30
0,0,1,14,1,1,0,3,3,0,1,58,0,57,0,8,1,0,1,0,0,1,1,1,1,1,2,1,0,0,20
0,0,0,0,0,3,1,3,3,0,1,45,0,40,1,10,1,0,1,0,0,1,1,1,1,1,3,0,0,0,0
0,1,0,0,0,1,1,6,4,0,0,42,1,42,1,7,1,4,1,0,1,1,0,1,1,1,2,0,0,0,0
0,1,1,0,0,1,0,4,3,0,0,48,0,13,1,48,1,0,1,0,1,0,1,1,0,0,1,0,0,45,30
0,0,0,0,0,1,0,5,4,0,0,47,0,9,0,9,1,49,1,0,1,1,0,1,0,1,1,0,0,0,0
0,0,1,2,0,5,1,3,4,0,1,34,0,34,0,4,1,2,1,0,1,0,1,1,0,0,1,1,0,30,60
0,0,0,0,0,1,1,24,2,2,0,20,1,21,1,0,1,0,1,0,1,0,1,1,0,0,1,0,0,0,0
0,0,1,9,0,3,0,4,5,0,1,29,0,29,0,54,0,11,1,13,1,0,0,1,0,1,3,0,0,0,0
0,1,1,9,0,1,0,2,4,0,0,47,1,39,0,7,1,11,1,0,1,0,0,0,1,1,2,0,0,0,0
0,0,1,10,0,3,1,5,4,0,0,35,1,38,0,8,0,3,1,0,0,0,1,0,1,1,2,0,0,0,0
0,0,0,0,0,3,1,3,4,0,1,0,1,0,1,0,1,0,1,0,1,1,1,1,1,1,2,0,0,0,30
0,0,1,2,1,1,0,6,3,0,1,35,0,30,1,3,1,0,1,0,0,1,0,1,1,0,0,0,0,0,0
0,0,1,4,1,3,1,3,5,0,0,32,1,39,1,0,1,0,1,0,1,1,0,0,0,0,0,0,1,0,0
0,0,1,2,1,1,0,3,5,0,1,62,0,60,0,37,0,4,1,32,1,1,0,0,1,0,2,0,1,0,0
0,1,0,0,0,3,1,4,4,1,0,20,0,19,0,18,0,18,1,0,1,0,0,0,0,0,2,0,0,30,20
0,0,1,8,1,3,0,5,4,0,1,45,0,42,1,7,0,7,1,0,0,1,1,1,1,1,2,1,0,0,0
0,0,1,4,0,3,1,3,4,0,1,42,0,38,1,11,0,7,1,0,0,1,1,1,1,1,1,0,0,0,0
0,0,0,0,0,1,0,3,4,0,1,0,1,0,1,0,1,0,1,0,1,0,0,0,1,1,1,0,0,0,45
0,1,1,2,0,1,0,3,3,1,0,38,0,38,0,45,1,0,1,0,1,1,1,1,1,1,0,0,1,30,60
0,0,1,16,0,5,1,3,4,0,0,41,1,45,0,16,0,10,1,0,1,1,0,0,0,1,2,0,1,30,30
0,0,0,0,0,1,0,0,3,0,1,0,1,0,1,0,1,0,1,0,1,0,1,1,0,0,1,0,0,0,0
0,0,1,9,0,5,1,3,5,0,0,56,1,42,1,21,1,18,0,17,1,1,1,0,0,1,2,0,1,30,30
0,1,0,0,0,1,0,3,4,0,1,36,0,36,1,6,1,4,1,0,0,1,1,1,1,1,2,0,1,20,50
0,0,1,8,0,5,1,3,3,0,0,41,1,37,0,6,1,0,1,0,0,1,1,1,1,1,2,0,0,0,0
0,0,0,0,0,3,0,3,4,0,0,35,1,39,0,8,1,6,1,0,1,1,1,0,1,1,2,0,0,0,0
0,0,1,14,1,5,1,3,4,0,0,44,0,12,1,10,1,10,1,0,1,1,0,0,0,1,3,0,1,30,30
0,0,0,0,0,3,1,3,3,0,1,28,0,35,0,10,1,0,1,0,0,1,1,1,0,1,0,0,0,0,45
0,0,0,0,0,1,0,4,4,0,0,45,1,45,0,14,1,16,1,0,1,1,1,0,0,0,1,0,0,0,0
0,0,1,2,0,5,1,3,4,0,1,38,0,36,0,16,1,7,1,0,0,1,0,1,0,0,2,0,0,0,0
0,0,0,0,0,3,0,3,5,0,1,39,0,38,1,10,1,6,1,6,1,0,0,0,1,0,0,0,0,0,0
0,1,0,0,0,3,1,3,3,0,1,32,0,22,0,3,1,0,1,0,1,1,1,1,1,1,1,0,0,0,0
0,0,0,0,0,1,0,12,8,0,1,0,1,0,1,0,1,0,1,0,0,0,0,0,0,1,0,0,0,0,0
0,1,0,0,0,3,1,3,3,0,1,0,1,0,1,0,1,0,1,0,1,0,0,1,1,0,0,0,0,0,0
0,0,0,0,0,5,1,3,3,0,0,40,1,4,0,8,1,0,1,0,0,1,1,0,0,1,2,0,0,10,10
0,0,0,0,0,1,1,3,5,0,0,31,1,32,0,32,1,34,1,0,0,0,1,1,0,0,2,0,0,0,0
0,0,1,14,0,3,0,2,4,0,1,38,0,43,1,6,0,0,1,0,1,1,1,0,0,0,1,0,0,30,15
0,0,0,0,0,3,1,3,5,0,0,46,1,46,0,18,0,13,0,5,0,0,0,0,0,1,0,1,0,0,0
0,0,1,2,1,1,0,7,4,0,1,34,0,33,1,7,0,4,1,0,1,0,0,1,0,1,2,0,1,20,30
0,0,1,9,1,3,0,3,5,0,0,54,0,29,1,26,1,5,1,4,0,1,0,0,1,1,2,0,0,20,20
0,1,0,0,0,5,1,3,5,1,0,38,0,26,0,16,1,18,0,16,1,0,1,0,1,0,2,0,0,0,0
0,0,0,0,0,3,0,3,4,0,1,50,0,48,1,16,0,14,1,0,1,1,1,1,1,1,1,0,1,60,60
0,0,0,0,0,3,1,3,5,0,1,0,1,0,1,0,1,0,1,0,1,1,1,0,0,1,2,0,1,45,30
0,0,1,10,0,1,0,8,4,0,1,49,0,46,0,11,1,7,1,0,1,1,1,0,1,1,2,0,1,30,50
0,0,0,0,0,1,0,5,2,2,1,25,0,21,1,0,1,0,1,0,0,0,0,0,0,1,2,0,0,0,0
0,0,0,0,0,1,0,3,4,0,0,34,0,34,1,41,0,4,1,0,0,1,0,0,0,0,0,0,0,0,30
0,1,0,0,0,5,1,3,3,0,0,30,1,30,1,6,1,0,1,0,1,0,0,0,0,1,1,0,0,75,10
0,0,1,0,0,3,0,3,3,0,0,47,0,16,0,19,1,0,1,0,1,0,0,0,0,0,1,0,0,60,30
0,1,0,0,0,5,1,3,4,3,0,47,0,26,0,17,1,16,1,0,1,1,1,0,0,1,0,0,1,30,30
0,0,1,8,0,3,1,3,4,3,1,41,0,40,1,14,0,7,1,0,0,1,0,1,1,0,2,0,0,0,0
0,0,1,8,0,5,1,3,2,2,1,0,1,0,1,0,1,0,1,0,1,1,0,0,1,0,2,0,0,35,35
0,1,1,17,0,5,1,3,4,0,1,39,0,38,1,8,1,6,1,0,1,0,0,0,0,1,1,0,1,60,40
0,0,0,0,0,1,0,6,4,0,1,47,0,16,0,13,1,10,1,0,1,1,1,1,1,1,2,0,0,0,0
0,0,1,8,0,1,0,24,4,0,1,0,1,0,1,0,1,0,1,0,1,1,1,1,1,1,0,0,0,30,30
0,0,1,2,1,3,0,3,4,0,0,34,0,31,0,8,0,7,1,0,1,0,0,0,0,0,0,0,1,30,30
0,0,1,9,0,3,1,3,5,0,0,45,1,46,0,14,1,12,1,0,1,0,0,0,1,1,0,0,1,10,10
0,0,1,4,1,3,1,6,11,0,1,0,1,0,1,0,1,0,1,0,1,0,0,0,0,0,2,1,0,0,0
0,0,1,2,1,3,1,3,4,0,1,39,0,37,0,4,1,3,1,0,1,1,0,0,1,0,1,1,1,30,30
0,0,1,8,0,5,0,3,4,0,1,41,0,40,1,6,1,10,1,0,0,0,1,0,1,0,1,1,0,0,40
0,1,0,0,0,3,1,3,5,0,1,43,0,37,1,62,0,56,1,0,1,0,1,0,0,0,3,0,1,30,30
0,0,1,2,0,5,1,5,14,0,1,0,1,0,1,0,1,0,1,0,0,0,0,1,0,0,2,1,1,60,60
0,1,0,0,0,5,1,3,5,1,0,30,1,30,0,29,0,4,1,3,1,1,1,1,1,1,0,0,0,30,30
0,0,0,0,0,5,1,3,5,0,0,27,1,17,1,27,0,44,1,0,1,0,1,0,0,0,1,0,1,60,20
0,0,0,0,0,3,1,8,4,0,0,49,0,44,1,14,1,11,1,0,1,0,0,0,0,0,2,0,0,60,60
0,0,1,14,0,3,1,5,2,2,1,24,0,23,1,0,1,0,1,0,1,0,0,0,1,0,2,0,0,0,20
0,0,0,0,0,3,0,4,4,0,1,62,0,41,1,11,1,6,1,0,1,1,1,1,0,0,1,0,0,30,20
0,0,1,2,0,1,0,5,4,0,0,56,0,28,1,7,0,6,1,0,0,1,1,1,1,1,2,0,1,30,30
0,0,1,4,1,1,0,6,5,0,1,47,0,42,0,11,0,10,1,8,1,0,0,1,0,1,1,1,0,0,0
0,0,0,0,0,3,0,3,4,0,0,45,1,49,1,16,0,7,1,0,1,1,0,0,0,1,2,0,1,60,60
0,0,0,0,0,1,0,3,15,3,1,0,1,0,1,0,1,0,1,0,1,0,0,0,1,1,0,1,1,60,30
0,0,1,14,0,3,0,3,5,0,1,36,0,40,1,5,1,7,0,66,1,1,1,1,1,1,2,0,1,0,0
0,0,0,0,0,1,0,3,3,0,0,34,1,34,0,4,1,0,1,0,0,1,0,0,0,1,0,0,0,0,30
0,0,1,4,1,1,0,6,4,0,0,49,1,54,1,12,0,8,1,0,1,1,0,1,0,1,0,1,0,0,0
0,0,1,8,1,1,0,3,4,0,0,45,1,45,0,15,0,10,1,0,1,1,0,0,0,0,2,1,1,30,40
0,1,0,0,0,3,0,5,5,0,0,26,1,31,1,50,0,51,1,2,1,1,1,1,1,1,2,0,1,40,40
0,0,0,0,0,3,0,3,4,0,0,33,1,34,1,7,1,3,1,0,0,1,0,0,1,1,2,0,0,0,45
0,1,0,0,0,3,1,3,2,0,0,34,1,33,1,0,1,0,1,0,1,1,0,0,0,1,2,0,0,0,0
0,1,1,2,0,1,1,5,5,0,0,54,0,46,0,38,1,4,1,2,1,0,1,1,0,0,2,0,0,0,0
0,0,0,0,0,1,0,5,4,0,1,0,1,0,1,0,1,0,1,0,0,1,0,1,1,0,1,0,0,0,0
0,0,1,14,0,3,1,4,4,0,0,45,0,24,0,6,1,16,1,0,1,0,1,1,0,0,1,0,0,0,0
0,0,1,2,1,3,1,3,5,0,0,38,1,41,1,12,1,12,0,4,1,0,0,0,0,1,1,0,1,60,30
0,1,0,0,0,5,1,3,5,0,0,39,1,68,0,65,1,13,0,11,1,0,1,1,0,1,0,0,1,60,20
0,0,0,0,0,1,0,4,5,0,0,35,1,37,1,16,1,11,1,11,0,1,0,0,1,1,0,0,0,0,0
0,0,1,4,1,1,0,3,4,0,1,39,0,38,0,7,1,4,1,0,0,0,0,1,1,0,2,0,1,60,60
0,1,0,0,0,3,1,3,5,0,1,0,1,0,1,0,1,0,1,0,1,0,1,0,1,1,0,0,0,0,0
0,0,1,2,0,3,1,5,5,0,0,23,0,19,1,17,1,14,1,45,1,0,1,1,0,1,2,0,0,0,0
0,0,0,0,0,3,0,2,4,0,1,43,0,40,1,11,1,9,1,0,1,0,0,1,0,0,2,0,0,0,0
0,0,1,0,0,3,1,5,5,0,1,29,0,38,0,15,1,13,1,6,1,0,1,0,1,0,0,1,1,30,45
0,0,0,0,0,1,0,3,4,1,0,30,1,30,0,30,1,29,1,0,1,0,0,0,0,0,2,0,1,15,10
0,0,1,2,0,3,1,4,3,1,1,0,1,0,1,0,1,0,1,0,1,0,1,1,0,1,3,1,0,0,0
0,0,1,4,1,3,1,3,5,0,0,32,1,40,1,13,1,10,1,0,1,0,1,0,0,1,3,1,1,40,20
0,0,1,0,0,1,1,5,3,0,1,32,0,23,1,3,1,0,1,0,1,1,0,0,0,0,0,1,0,40,40
0,0,1,18,1,3,0,24,4,0,0,34,1,39,0,2,0,4,1,0,0,1,1,1,1,1,1,0,1,30,15
0,0,1,10,0,3,1,3,4,0,1,0,1,38,0,3,1,11,1,0,0,0,0,1,1,0,1,0,1,20,20
0,0,1,14,0,1,0,24,4,0,1,33,0,37,0,5,0,3,1,0,0,0,0,0,1,1,1,0,1,15,15
0,0,1,0,0,5,1,3,4,0,1,46,0,44,0,20,1,15,1,0,1,1,1,1,1,1,1,0,1,0,0
0,1,0,0,0,3,1,3,4,3,0,26,0,29,1,5,1,2,1,0,0,0,0,1,1,1,2,0,1,15,10
0,0,0,0,0,3,0,3,5,0,0,38,0,37,0,7,1,0,1,0,0,0,1,1,1,0,2,0,0,0,50
0,0,0,0,0,3,1,3,2,2,0,20,1,25,1,0,1,0,1,0,1,1,0,0,1,1,0,0,0,15,10
0,0,1,4,1,3,1,3,4,3,1,0,1,0,1,0,1,0,1,0,0,1,0,1,0,0,2,0,0,0,0
0,0,0,0,0,3,1,3,5,0,1,33,0,32,0,30,1,7,0,4,0,0,0,0,1,1,1,1,0,0,0
0,0,1,9,1,1,0,3,4,0,1,44,0,37,1,10,1,8,1,5,0,1,0,0,0,1,1,1,1,30,40
0,0,0,0,0,3,0,0,4,0,1,42,0,41,1,14,0,14,1,0,0,0,1,0,0,0,3,0,0,0,0
0,0,0,0,0,1,0,43,5,3,0,37,1,41,0,7,1,2,0,32,1,1,0,1,0,1,2,0,0,0,0
0,0,1,4,0,3,0,4,3,3,0,40,1,40,0,6,1,0,1,0,1,0,0,1,1,1,1,0,0,0,0
0,1,0,0,0,5,1,3,4,3,1,30,0,34,1,5,0,2,1,0,0,1,1,1,0,1,1,0,1,30,45
0,0,0,0,0,3,0,3,5,0,1,0,1,0,1,0,1,0,1,0,1,1,0,0,0,1,1,1,0,60,45
0,0,0,0,0,3,1,3,4,0,1,40,0,38,0,10,1,6,1,0,0,1,1,1,1,1,2,0,0,30,30
0,0,0,0,0,3,1,3,5,0,1,36,0,36,0,4,1,6,1,8,1,1,1,1,1,1,2,0,0,30,30
0,0,0,0,0,5,0,2,5,3,1,0,1,0,1,0,1,0,1,0,1,0,0,0,0,0,1,0,0,30,45
0,0,1,2,0,3,1,3,2,2,0,20,1,20,1,0,1,0,1,0,1,1,1,1,1,1,1,0,1,40,30
0,0,1,2,1,3,1,3,3,0,1,38,0,11,1,15,1,0,1,0,1,1,1,0,0,0,0,0,0,30,30
0,0,1,8,0,5,1,7,5,3,1,37,0,39,0,12,1,8,0,4,1,0,0,1,1,1,0,0,0,20,10
0,0,0,0,0,3,1,2,3,3,0,40,0,47,0,10,1,0,1,0,1,1,1,0,1,0,2,0,0,0,0
0,0,1,18,0,1,0,3,5,3,0,38,1,40,0,25,0,7,0,2,1,1,1,1,1,1,1,0,0,30,30
0,0,1,2,1,5,0,18,5,3,1,0,1,0,1,0,1,0,1,0,0,0,0,1,0,0,0,1,1,70,70
0,0,0,0,0,1,0,3,4,0,1,43,0,40,0,11,0,11,1,0,1,0,0,0,0,0,0,0,0,0,0
0,0,0,0,0,1,0,5,3,0,0,30,1,41,1,3,1,0,1,0,0,0,0,0,0,0,1,0,0,0,0
0,0,1,4,0,3,0,6,3,0,0,44,0,17,0,11,1,0,1,0,1,1,1,1,0,1,1,0,0,0,0
0,0,1,19,0,1,0,5,4,0,0,39,0,39,1,10,1,4,1,0,1,1,1,1,0,0,1,0,0,0,0
0,0,0,0,0,1,0,5,3,0,0,32,1,32,1,1,1,0,1,0,0,0,0,1,1,1,2,0,0,0,0
0,0,0,0,0,1,0,4,4,0,1,0,1,0,1,0,1,0,1,0,0,1,0,0,0,0,1,0,0,0,0
0,0,0,0,0,3,1,6,2,3,0,46,0,9,1,0,1,0,1,0,1,1,1,1,1,1,3,0,0,0,0
0,0,0,0,0,3,0,3,4,3,1,35,0,35,1,6,1,2,1,0,0,1,0,1,0,1,2,0,0,0,0
0,0,0,0,0,3,0,3,7,3,1,0,1,0,1,0,1,0,1,0,1,1,1,1,1,1,0,0,0,0,30
0,0,0,0,0,1,0,43,2,0,0,41,0,9,1,0,1,0,1,0,1,0,1,0,1,1,0,0,0,0,0
0,0,0,0,0,3,0,24,4,0,1,46,0,38,0,11,0,8,1,0,1,0,0,1,1,0,2,0,0,0,0
0,0,1,9,0,1,0,3,4,0,1,29,0,28,1,8,1,4,1,0,0,1,0,0,0,1,2,0,0,0,0
0,0,0,0,0,3,0,2,4,0,0,39,1,40,0,6,1,9,1,0,0,0,1,1,1,1,2,0,1,15,15
0,0,1,2,1,5,1,18,5,0,1,0,1,0,1,0,1,0,1,0,0,0,1,0,0,0,2,0,0,0,0
0,1,0,0,0,5,1,4,3,0,1,42,0,28,1,8,1,0,1,0,0,0,1,0,1,1,3,0,0,0,0
0,0,1,8,0,3,0,18,6,0,0,63,1,69,0,40,1,42,0,8,0,1,0,0,1,0,2,0,0,0,0
0,0,1,2,0,5,0,3,2,2,1,45,0,40,1,0,1,0,1,0,0,1,1,0,0,1,0,0,0,0,0
0,1,0,0,0,3,0,13,5,0,1,43,0,38,1,9,0,6,0,2,1,1,1,1,0,0,1,1,0,0,0
0,0,0,0,0,1,0,24,4,0,0,34,1,34,0,2,1,5,1,0,0,0,0,0,1,0,1,0,0,0,20
0,0,1,8,0,3,1,3,4,0,0,32,1,28,1,6,1,7,1,0,0,1,0,1,1,1,2,1,0,20,20
0,0,1,2,1,3,0,6,5,1,0,17,0,17,1,20,0,18,1,17,1,0,0,0,1,0,2,0,0,0,0
0,0,0,0,0,3,0,3,4,0,1,48,0,38,1,13,1,10,1,0,1,0,0,0,1,1,2,0,1,30,20
0,0,0,0,0,3,0,3,4,0,1,41,0,42,1,9,1,12,1,0,1,1,1,0,0,0,2,0,0,30,30
0,0,0,0,0,3,0,3,5,0,1,42,0,43,1,17,0,12,1,6,1,1,1,1,0,0,3,0,0,0,0
0,0,0,0,0,5,1,5,4,0,1,42,0,38,1,7,1,4,1,0,0,0,0,0,0,1,1,0,0,45,30
0,1,0,0,0,1,0,3,3,0,0,21,0,26,1,15,1,0,1,0,1,1,0,0,0,0,1,0,1,60,30
0,0,1,4,1,3,0,3,4,0,0,7,0,46,0,10,1,7,1,0,0,1,1,1,1,1,2,1,0,15,15
0,1,0,0,0,5,1,3,6,0,1,0,1,0,1,0,1,0,1,0,1,0,1,1,0,0,2,0,0,20,20
0,1,0,0,0,5,1,3,4,0,0,30,1,37,0,3,1,3,1,0,0,1,0,1,1,1,2,1,1,45,45
0,0,0,0,0,1,0,0,4,0,1,0,1,0,1,0,1,0,1,0,0,1,1,0,0,0,1,0,0,0,0
0,0,0,0,0,3,0,3,2,2,0,26,1,25,1,0,1,0,1,0,1,0,0,0,0,1,0,0,0,15,15
0,0,1,18,0,3,1,2,5,0,0,36,1,44,0,65,1,2,1,6,0,1,0,1,1,1,1,1,0,0,0
0,0,1,14,1,3,0,3,3,0,1,0,1,0,1,0,1,0,1,0,0,0,1,0,1,0,0,0,0,0,0
0,0,1,10,1,1,0,5,4,0,1,28,0,33,0,6,1,3,1,0,0,0,1,0,1,1,2,1,0,0,0
0,1,0,0,0,5,1,2,4,0,0,5,0,64,0,42,1,40,1,0,1,1,1,1,1,1,0,0,0,45,30
0,0,0,0,0,1,0,3,2,2,0,22,1,22,1,0,1,0,1,0,1,0,0,1,1,1,0,0,0,30,20
0,0,0,0,0,3,1,3,5,0,1,42,0,38,1,13,0,10,1,8,1,0,1,0,0,0,2,0,1,30,30
0,0,1,4,0,3,1,3,4,0,0,35,1,13,1,10,0,6,1,0,0,1,1,1,1,0,1,0,0,0,0
0,0,0,0,0,1,0,0,5,0,1,44,0,43,1,11,0,9,1,6,0,1,0,0,1,0,0,0,0,0,30
0,0,0,0,0,1,0,3,3,0,1,37,0,39,1,17,1,0,1,0,1,0,1,1,0,1,0,0,0,0,0
0,0,0,0,0,1,0,8,3,0,0,42,1,14,1,11,1,0,1,0,1,0,0,0,0,0,1,0,0,0,0
0,0,1,10,1,1,0,3,4,0,0,42,0,44,0,5,0,7,1,0,0,1,1,1,1,1,1,1,1,0,0
0,0,0,0,0,3,0,3,5,0,1,43,0,38,0,10,1,7,0,4,0,0,0,0,1,0,2,0,0,0,45
0,0,0,0,0,1,0,39,3,0,1,45,0,43,0,13,1,0,1,0,1,0,0,0,0,0,3,0,0,0,0
0,0,0,0,0,1,0,3,5,0,1,42,1,41,0,38,1,9,1,3,1,0,0,0,0,0,2,0,0,0,0
0,0,0,0,0,1,0,3,4,0,0,39,1,39,0,6,1,3,1,0,0,1,0,1,1,1,1,0,0,0,0
0,0,1,2,0,3,0,7,5,0,1,32,0,37,0,6,1,4,1,2,0,1,0,1,1,0,1,0,0,0,0
0,0,0,0,0,3,1,3,4,0,1,37,0,35,1,7,0,4,1,0,1,1,0,1,0,1,1,0,0,0,0
0,0,1,9,0,3,0,3,7,0,0,62,1,67,0,42,0,36,1,0,0,1,0,0,0,1,2,0,1,60,45
0,0,0,0,0,5,1,3,5,0,0,36,1,37,0,10,0,5,0,4,1,1,1,1,1,1,0,0,0,0,0
0,0,1,20,1,3,1,3,3,0,0,33,1,35,1,4,1,0,1,0,1,0,0,0,1,1,2,1,1,30,30
0,0,0,0,1,3,1,44,3,0,0,33,1,13,1,8,1,0,1,0,1,0,1,1,0,0,0,0,0,0,0
0,0,1,3,0,3,1,3,4,0,1,32,0,29,0,7,0,2,1,0,0,1,0,0,0,1,2,0,1,60,40
0,0,0,0,0,1,0,3,3,0,1,49,0,50,0,13,1,0,1,0,0,1,0,0,0,1,1,0,0,20,20
0,0,0,0,0,1,0,3,5,0,1,45,0,36,0,14,0,7,0,5,1,0,1,0,0,0,2,0,1,15,15
0,1,0,0,0,5,1,3,3,0,1,42,1,12,0,12,1,0,1,0,1,0,0,0,0,0,2,0,1,60,45
0,0,0,21,0,1,0,3,4,0,1,39,0,40,1,7,1,10,1,0,1,0,1,0,1,0,1,0,1,30,40
0,0,0,0,0,5,1,3,2,0,0,42,1,4,1,0,1,0,1,0,0,1,0,1,1,1,0,0,0,45,45
0,0,1,3,1,5,1,3,5,0,0,38,1,40,1,13,0,9,0,3,0,1,0,1,1,1,1,1,1,30,30
0,1,0,0,0,3,1,3,4,0,1,38,0,34,1,5,1,3,1,0,0,1,0,1,1,0,0,0,0,0,0
0,1,1,9,0,3,1,4,4,0,0,33,1,39,1,7,1,4,1,0,1,1,1,1,1,1,0,1,0,0,0
0,0,1,10,1,3,1,2,3,0,0,37,1,37,0,8,1,0,1,0,1,1,1,1,1,1,0,1,0,0,0
0,0,1,2,0,3,1,3,4,0,0,42,1,45,0,10,0,6,1,0,0,0,1,1,0,1,2,0,1,15,10
0,0,1,3,1,1,0,3,3,0,1,40,0,41,0,6,1,0,1,0,0,1,1,1,1,1,1,0,1,15,15
0,0,0,0,0,3,0,3,4,0,0,31,0,64,0,5,0,3,1,0,1,1,0,0,1,1,2,0,1,10,10
0,0,1,2,0,1,0,5,3,0,1,45,0,45,0,6,1,0,1,0,1,1,0,0,1,1,1,1,0,0,0
0,0,1,14,1,3,1,3,4,0,1,39,0,38,1,11,1,6,1,0,1,1,0,0,1,1,2,1,1,30,15
0,0,1,10,0,3,0,3,3,0,1,56,0,56,0,5,1,0,1,0,1,1,0,0,1,1,3,1,0,30,10
0,0,0,0,0,3,1,2,5,3,1,45,0,40,1,11,0,9,0,3,1,0,0,1,1,0,2,0,0,0,0
0,0,0,0,0,5,1,5,5,0,1,40,0,42,1,10,0,6,0,4,1,0,1,1,1,1,0,0,0,0,0
0,0,1,9,1,3,0,2,7,0,1,0,0,0,1,0,0,0,1,0,1,1,1,1,1,1,1,0,0,0,0
0,0,0,0,0,1,0,3,5,0,0,37,0,40,0,5,0,4,0,4,0,1,0,0,1,1,1,0,0,0,0
0,0,1,14,1,3,1,3,4,0,1,37,0,32,1,10,1,5,1,0,0,0,1,1,1,1,0,1,0,0,0
0,0,0,0,0,1,0,3,3,0,0,46,0,14,0,8,1,0,1,0,0,1,0,1,0,1,0,0,1,0,30
0,0,0,0,0,3,0,5,4,0,1,24,0,24,0,18,0,14,1,0,1,1,1,1,1,1,1,0,1,10,10
0,1,0,0,0,5,1,4,3,0,1,42,0,36,1,6,1,0,1,0,0,0,1,0,1,1,3,0,0,0,0
0,0,1,2,0,1,0,5,4,0,0,33,1,33,1,6,1,3,1,0,1,1,1,1,1,1,1,0,0,60,20
0,0,0,0,0,3,1,3,4,0,1,41,0,37,0,8,0,6,1,0,0,1,1,1,1,1,0,0,0,0,30
0,0,1,3,0,5,1,3,4,0,1,43,0,35,1,9,1,7,1,0,0,0,1,1,0,1,0,0,0,0,30
0,0,0,0,0,1,0,5,2,2,1,33,0,28,1,0,1,0,1,0,1,0,1,1,1,1,1,0,0,0,0
0,0,0,0,0,3,1,24,12,1,1,0,1,0,1,0,1,0,1,0,1,0,0,0,0,1,0,0,1,45,30
0,0,0,0,0,3,0,3,7,0,1,50,0,49,1,35,0,28,1,4,1,0,1,0,0,1,0,0,0,30,15
0,0,0,0,0,1,0,6,4,0,1,0,1,0,1,0,1,0,1,0,1,0,0,0,0,0,0,0,0,0,0
0,0,0,0,0,3,0,3,4,0,1,0,1,0,1,0,1,0,1,0,1,1,1,1,1,0,2,0,0,30,0
0,0,0,0,0,3,0,3,5,0,1,0,1,0,1,0,1,0,1,0,0,1,1,0,1,1,0,0,0,25,25
0,0,0,0,0,1,0,3,2,0,0,37,1,5,1,0,1,0,1,0,0,1,0,1,1,0,0,0,0,0,0
0,0,0,0,0,5,0,3,5,0,1,36,0,34,0,56,0,4,0,0,0,0,0,0,0,1,1,1,0,45,45
0,0,1,14,0,3,0,3,4,0,0,40,1,40,0,14,1,9,1,0,0,1,0,1,0,0,0,0,0,0,15
0,0,0,0,0,3,0,3,4,0,1,34,0,34,1,5,0,10,1,0,0,0,1,1,1,1,2,0,0,0,0
0,0,1,3,1,3,1,3,4,0,1,45,0,44,1,9,0,5,1,0,0,0,0,0,1,0,2,0,1,15,15
0,0,0,0,0,3,1,3,4,0,1,33,0,34,1,4,0,7,1,0,1,0,1,1,1,1,3,0,0,40,30
0,0,1,2,1,3,0,6,5,0,1,46,0,45,0,8,0,3,0,3,0,0,0,0,1,0,1,0,0,0,0
0,0,0,0,0,5,1,3,5,0,1,0,1,0,1,0,1,0,1,0,0,0,0,1,1,1,1,0,1,30,0
0,1,0,0,0,5,1,3,1,3,1,0,1,0,1,0,1,0,1,0,0,1,0,0,0,1,2,0,1,30,30
0,0,0,0,0,1,1,3,5,0,1,44,0,43,0,44,0,43,1,0,1,0,0,0,0,0,0,0,1,0,0
0,0,0,0,0,1,0,4,4,3,1,0,1,0,1,0,1,0,1,0,1,0,1,0,0,1,1,0,0,0,0
0,0,1,4,0,1,0,5,3,0,1,43,0,37,0,4,1,0,1,0,0,1,0,1,1,0,2,0,0,60,30
0,0,0,0,0,1,0,3,3,0,1,35,0,27,0,4,1,0,1,0,1,0,1,1,1,0,1,0,1,60,40
0,0,0,0,0,1,0,14,3,0,0,44,1,16,1,15,1,0,1,0,0,0,0,0,0,1,1,0,0,0,0
0,0,0,0,0,3,1,3,4,0,0,37,1,41,1,11,0,8,1,0,0,0,1,1,0,1,0,0,0,30,30
0,0,1,8,1,5,1,3,4,0,1,35,0,34,0,9,1,4,1,0,0,1,1,1,1,1,2,1,0,10,10
0,0,0,0,0,3,0,5,5,0,1,35,1,61,0,59,0,31,0,33,0,1,1,1,1,1,0,0,0,0,0
0,0,1,9,0,1,0,3,4,0,0,0,1,0,0,0,0,0,1,0,0,1,0,0,1,1,0,0,0,15,15
0,0,0,0,0,3,1,3,5,0,1,40,0,50,1,14,1,13,1,6,1,0,1,1,1,1,2,0,1,30,20
0,0,1,14,1,1,0,3,4,0,1,38,0,37,0,10,1,8,1,0,1,1,1,1,1,1,2,1,1,60,45
0,0,1,2,1,1,0,28,4,0,0,31,1,33,1,7,0,5,1,0,0,0,0,0,0,1,0,0,0,0,0
0,0,1,14,0,3,0,3,4,0,0,36,1,34,1,6,1,3,1,0,1,1,0,0,1,1,0,1,0,10,10
0,1,0,0,0,1,0,3,3,0,1,34,0,31,1,8,1,0,1,0,0,1,1,1,1,1,2,0,0,0,0
0,0,1,2,1,3,1,3,4,0,0,31,1,30,1,6,1,3,1,0,0,1,0,0,1,1,2,1,1,30,30
0,0,0,0,0,1,1,3,4,0,1,43,0,40,0,10,0,7,1,0,1,1,1,1,1,1,1,0,1,15,25
0,0,0,0,0,3,0,5,4,0,1,41,0,39,1,15,0,8,1,0,1,1,1,1,1,1,2,0,0,0,0
0,1,1,9,0,5,1,4,7,0,1,0,1,0,1,0,1,0,1,0,1,1,0,0,1,1,2,1,0,0,0
0,0,0,0,0,1,0,3,6,0,1,41,0,39,0,68,0,8,1,5,0,1,0,0,0,0,0,0,0,30,30
0,0,0,0,0,1,0,3,6,1,0,35,0,35,1,0,1,0,1,0,0,0,1,0,1,0,2,0,1,30,0
0,0,1,8,0,1,0,6,5,0,1,35,0,34,0,10,1,6,0,3,1,0,0,1,1,0,0,0,0,25,25
0,0,1,2,0,3,1,2,9,0,1,39,0,4,0,4,1,65,0,64,0,1,1,1,1,1,1,0,0,0,0
0,0,1,2,1,3,1,6,4,0,0,45,0,9,1,45,1,9,1,0,1,1,0,0,0,0,1,1,0,0,0
0,1,0,0,0,3,0,3,4,0,0,40,1,37,0,7,0,4,1,0,0,0,1,0,0,0,0,0,0,0,0
0,0,0,0,0,3,0,3,5,0,1,0,1,0,1,0,1,0,1,0,0,0,0,0,0,1,1,0,1,0,0
0,0,0,0,0,3,1,3,4,3,1,47,1,13,0,47,0,15,1,0,0,1,0,0,0,0,2,0,1,60,30
0,0,0,0,0,1,0,45,4,0,1,41,0,37,0,7,0,4,1,0,0,1,1,1,1,1,1,0,0,0,0
0,0,0,0,0,3,0,3,4,0,1,38,0,38,0,8,0,7,1,0,0,1,0,0,1,1,2,0,0,0,0
0,0,1,4,0,3,1,18,3,0,0,47,1,47,0,6,1,0,1,0,0,0,0,1,1,0,2,1,0,0,0
0,0,0,0,0,3,1,3,4,0,1,0,1,0,1,0,1,0,1,0,1,1,1,0,1,1,0,0,1,0,45
0,1,0,0,0,3,1,2,5,0,0,39,1,30,0,11,1,10,1,7,1,0,0,0,0,0,3,0,0,0,0
0,0,0,0,0,5,1,20,3,0,1,38,0,30,0,5,1,0,1,0,1,0,0,1,0,0,3,0,0,30,30
0,0,1,8,1,3,1,2,6,0,1,68,0,61,1,41,0,35,0,9,0,1,0,1,0,1,2,1,0,0,0
0,1,1,8,1,3,1,3,4,0,0,31,0,7,0,4,1,0,1,0,0,1,1,1,1,1,1,1,0,30,30
0,0,0,0,0,1,0,3,4,0,1,65,0,62,0,9,1,5,1,0,1,1,0,0,0,0,0,0,1,20,20
0,0,0,0,0,1,0,24,4,0,0,20,0,9,1,22,1,20,1,0,1,0,0,0,1,1,0,0,0,0,0
0,0,0,0,0,3,1,3,5,0,1,43,0,42,0,16,1,13,0,8,1,0,0,0,0,1,1,0,0,40,30
0,0,1,9,0,3,1,3,6,0,0,46,0,42,0,10,0,10,0,5,1,1,1,1,0,0,2,0,0,0,0
0,0,0,0,0,3,0,3,2,0,0,0,1,0,1,0,1,0,1,0,0,1,1,1,0,1,2,0,0,0,0
0,0,1,10,0,3,0,5,4,0,0,36,1,35,0,7,0,2,1,0,1,1,0,1,1,0,2,1,0,0,0
0,0,1,2,0,5,1,3,3,0,1,32,0,30,0,3,1,0,1,0,1,0,0,0,0,1,0,0,0,0,0
0,0,1,2,1,3,0,3,4,0,1,0,0,0,1,0,1,0,1,0,0,1,0,0,0,1,2,0,0,0,0
0,1,1,0,0,3,1,3,4,3,0,37,1,42,0,13,0,10,1,0,0,0,1,0,1,0,1,0,1,30,15
0,1,1,8,1,3,0,6,9,0,0,34,1,35,0,38,1,38,0,11,1,1,0,1,0,1,2,0,0,0,0
0,0,1,2,0,1,0,1,3,0,0,29,1,30,1,5,1,0,1,0,0,1,1,1,1,0,1,0,1,25,20
0,0,1,4,0,5,1,3,6,0,1,22,1,46,0,49,0,16,1,0,1,1,1,1,0,1,1,0,1,45,30
0,0,0,0,0,3,0,24,4,0,0,20,0,9,1,20,1,22,1,0,1,0,0,0,1,1,0,0,0,0,0
0,0,0,0,0,3,0,3,5,0,1,43,0,38,0,10,1,7,0,4,1,1,1,0,0,1,1,0,0,0,45
0,0,1,0,0,1,0,2,4,0,1,47,0,39,0,10,1,9,1,0,1,0,0,0,0,0,3,0,0,0,0
0,0,1,14,1,1,0,7,3,0,0,32,1,33,0,4,1,0,1,0,0,0,0,1,1,1,1,0,1,45,30
0,0,1,14,0,3,1,7,6,0,1,34,0,32,0,14,1,8,1,2,1,0,1,1,1,1,2,0,0,0,0
0,0,1,14,1,1,0,6,3,0,1,35,0,35,0,3,1,0,1,0,1,1,1,1,1,1,2,1,0,0,0
0,0,0,0,0,1,0,3,5,0,1,39,0,38,1,12,0,9,1,8,1,0,1,1,0,0,2,0,0,0,0
0,0,0,0,0,5,1,3,5,0,0,41,0,40,0,17,1,40,1,16,1,0,0,0,0,1,0,0,0,0,0
0,0,1,0,0,1,0,3,4,0,0,43,1,40,0,16,1,13,1,0,1,1,1,0,1,0,2,1,0,0,0
0,0,0,0,0,1,0,3,4,0,1,34,0,35,0,7,0,5,1,0,1,1,0,1,1,1,1,0,0,0,0
0,0,1,4,1,1,0,4,4,0,1,37,0,35,0,8,0,3,1,0,1,1,1,1,1,1,1,0,0,0,0
0,0,1,18,0,3,1,24,5,3,1,35,0,38,1,10,0,6,1,3,0,1,0,0,1,1,1,1,0,0,0
0,0,0,0,0,1,0,3,5,0,1,45,0,39,1,10,0,8,0,5,0,0,0,0,0,0,2,0,0,0,0
0,0,1,4,0,1,0,3,4,3,1,43,0,40,0,11,0,9,1,0,1,1,0,1,1,1,2,0,1,30,30
0,0,0,0,0,1,0,5,6,0,0,41,1,39,1,11,1,8,1,7,1,0,0,1,1,1,0,0,0,0,0
0,0,1,10,1,3,0,3,5,0,1,43,0,40,1,15,0,12,1,5,1,0,0,1,0,1,2,0,0,0,0
0,0,0,0,0,1,0,3,3,0,0,27,1,24,1,6,1,0,1,0,1,0,0,0,1,0,2,0,0,0,0
0,1,0,0,0,5,1,3,4,0,1,38,0,36,0,9,1,7,1,0,0,1,1,0,1,0,1,0,1,60,45
0,0,1,2,1,1,0,7,4,0,1,34,0,33,1,4,1,4,1,0,1,0,0,1,0,1,2,0,1,20,30
0,0,1,18,0,3,1,3,5,0,1,33,0,31,1,16,1,8,1,4,1,1,0,0,1,0,2,0,0,0,0
0,1,0,0,0,5,1,3,3,0,1,28,0,26,1,2,1,0,1,0,1,1,1,1,1,1,0,0,0,0,0
0,0,0,0,0,1,0,13,4,3,0,44,1,46,0,11,0,7,1,0,1,1,0,0,0,1,0,0,0,30,20
0,0,0,0,0,1,0,46,3,0,1,39,0,37,0,3,1,0,1,0,0,1,1,1,1,0,0,0,0,0,0
0,1,0,0,0,5,1,3,2,0,1,37,1,5,1,0,1,0,1,0,0,1,0,1,1,1,1,0,0,0,0
0,0,0,0,0,5,1,3,3,0,0,41,0,7,1,6,1,0,1,0,0,1,0,1,0,1,1,0,1,30,15
0,0,1,9,1,5,1,3,6,0,0,30,1,34,0,58,1,61,1,61,0,0,1,1,1,0,0,0,0,0,0
0,0,0,0,0,3,0,18,3,0,1,48,0,47,1,10,1,0,1,0,0,1,0,0,0,0,1,0,1,40,10
0,0,1,2,0,1,0,3,4,0,1,39,0,39,1,0,1,0,1,0,0,0,0,0,0,0,2,0,0,0,10
0,0,1,0,0,3,1,3,4,3,0,0,0,0,0,0,0,0,1,0,0,0,1,0,0,0,1,1,1,45,0
0,0,0,0,0,3,0,3,5,0,0,23,1,40,0,18,0,6,0,4,1,0,0,1,1,1,2,1,0,0,0
0,0,0,0,0,3,1,5,4,0,1,28,0,26,0,6,0,1,1,0,1,0,1,1,1,1,1,0,0,0,0
0,0,0,0,0,5,0,3,5,0,1,36,1,32,0,34,0,28,0,7,1,0,1,1,0,0,1,0,0,0,0
0,0,1,4,1,5,1,3,8,3,0,60,0,59,1,60,1,36,0,5,1,1,1,1,1,1,0,1,1,40,40
0,0,1,2,0,3,0,5,4,0,0,24,0,49,1,25,0,4,1,0,1,1,1,1,1,1,2,0,0,0,0
0,1,0,0,0,3,1,3,3,0,0,29,1,36,1,5,1,0,1,0,1,1,0,0,1,1,0,0,0,30,30
0,0,0,0,0,5,0,3,5,0,0,0,1,0,0,0,0,0,1,0,0,0,0,0,0,1,0,0,0,0,0
0,0,1,2,0,1,0,5,4,0,1,0,0,0,0,0,1,0,1,0,1,0,0,1,1,0,1,0,1,0,0
0,0,0,0,0,3,0,2,4,0,1,43,0,40,1,11,1,9,1,0,0,0,1,1,0,1,2,1,0,0,0
0,0,0,0,0,5,1,3,4,0,0,41,1,43,0,11,1,8,1,0,0,1,1,0,1,1,2,1,1,50,20
0,1,0,0,0,3,1,3,5,0,1,43,0,38,1,9,0,6,0,2,1,1,1,1,0,0,1,0,0,0,0
0,0,1,4,0,1,0,3,4,3,0,0,1,0,0,0,0,0,1,0,0,1,1,1,1,0,2,0,0,0,0
0,0,0,0,0,3,1,3,3,0,0,37,1,40,0,9,1,0,1,0,1,0,0,0,0,1,0,0,0,0,15
0,1,1,9,0,3,1,4,4,3,0,33,1,38,1,7,1,4,1,0,0,0,1,1,1,1,1,0,0,0,0
0,0,1,4,1,1,0,3,4,3,1,38,0,35,1,6,0,6,0,0,1,0,0,0,1,1,1,0,0,0,0
0,0,0,0,0,3,0,3,2,2,1,27,0,26,1,0,1,0,1,0,0,1,1,0,1,1,2,0,1,15,15
0,0,1,2,1,3,0,3,4,0,1,38,0,40,0,7,1,5,1,0,1,1,1,1,1,1,1,1,0,0,0
0,0,0,0,0,5,1,3,2,0,0,39,1,12,1,0,1,0,1,0,1,1,1,1,0,1,0,0,1,15,10
0,1,0,0,0,1,0,2,5,0,1,45,0,43,1,10,0,8,0,6,0,1,1,1,1,1,0,0,0,0,0
0,0,1,4,1,5,1,3,4,0,0,37,0,11,0,8,0,4,1,0,1,1,0,0,1,1,1,1,0,0,40
0,0,0,0,0,1,0,0,11,1,1,44,1,42,1,45,0,39,0,36,1,1,0,1,1,0,1,0,0,0,0
0,0,0,0,0,3,1,3,4,3,1,35,0,28,1,4,0,2,1,0,1,1,0,0,1,1,2,0,0,0,0
0,0,1,14,1,3,1,3,4,0,1,35,0,33,0,7,1,4,1,0,1,1,0,0,1,0,2,0,1,20,20
0,0,1,8,0,3,1,5,4,0,0,29,1,29,1,7,0,5,1,0,1,1,1,1,1,1,3,0,0,0,0
0,0,1,2,0,3,0,3,4,0,1,36,0,35,1,7,0,5,1,0,0,1,0,0,0,1,0,0,1,0,5
0,0,0,0,0,3,0,3,4,0,1,40,0,43,0,15,1,7,1,0,0,1,0,0,1,1,1,0,0,0,0
0,0,0,0,0,1,0,0,5,0,1,50,0,47,0,16,1,12,0,8,1,0,1,0,0,0,1,0,0,20,20
0,1,0,0,0,5,1,3,4,0,1,41,0,40,1,13,1,13,1,0,1,1,1,0,0,1,0,0,0,0,0
0,0,0,22,0,3,1,6,6,0,0,34,1,36,0,4,0,1,1,66,1,1,1,1,1,1,2,1,0,0,0
0,0,1,4,1,3,0,3,4,0,1,45,0,44,1,16,1,10,1,0,0,0,0,0,0,1,2,0,1,30,30
0,0,1,6,0,1,0,32,5,0,0,48,1,50,0,10,1,6,1,4,1,0,0,0,1,0,1,1,0,0,0
0,0,0,0,0,5,1,3,4,0,0,47,0,30,0,14,0,2,1,0,1,1,1,1,1,1,0,0,1,20,30
0,0,0,0,0,3,0,3,5,0,0,38,0,56,0,13,1,8,0,4,0,1,1,1,1,1,0,0,0,0,0
0,0,0,0,0,1,0,47,3,0,1,0,0,5,1,3,1,0,1,0,0,1,1,1,0,0,0,1,0,0,0
0,0,0,0,0,1,0,29,4,0,1,39,0,33,1,8,0,5,1,0,1,0,0,1,1,0,3,1,0,0,0
0,0,1,14,1,5,1,3,4,0,1,40,0,40,0,6,1,5,1,0,0,1,1,1,1,1,2,1,0,0,0
0,0,0,0,0,5,1,3,4,0,1,0,0,0,0,0,0,0,1,0,1,1,1,1,0,1,0,0,0,0,30
0,1,0,0,0,5,1,3,4,0,1,34,0,33,0,8,0,4,1,0,0,0,1,1,0,1,0,0,0,0,0
0,0,1,2,0,5,1,3,4,0,1,33,0,34,1,8,0,4,1,0,1,1,1,1,1,1,2,0,0,20,20
0,0,0,0,0,3,0,5,4,0,1,40,0,39,0,6,0,5,1,0,1,0,1,1,1,0,1,0,1,30,30
0,0,0,0,0,3,0,2,4,0,1,40,0,41,1,11,0,9,1,0,1,1,0,0,0,1,1,0,0,0,0
0,0,1,2,0,1,0,3,4,0,0,37,1,38,1,8,1,5,1,0,0,1,0,0,1,1,0,0,0,0,0
0,0,1,4,1,1,0,3,5,0,1,42,0,40,0,42,1,5,1,0,0,0,1,0,1,0,2,0,0,0,0
0,0,0,0,0,5,0,3,5,3,0,31,0,55,1,56,1,8,1,4,0,0,1,0,1,1,0,0,0,0,0
0,0,1,8,1,1,0,3,4,0,0,34,1,37,1,12,1,5,1,0,1,0,0,0,1,0,1,1,0,0,0
0,1,1,6,0,1,0,7,4,3,0,30,1,33,0,5,1,3,1,0,0,0,0,1,1,1,2,0,0,0,0
0,1,1,4,0,5,1,4,5,0,1,0,0,0,0,0,0,0,1,0,0,1,0,1,0,0,1,0,0,0,0
0,1,1,8,1,3,1,3,4,0,0,31,1,32,0,7,0,4,1,0,0,1,0,0,1,1,1,1,0,0,0
0,0,0,0,0,3,1,3,4,1,0,0,0,0,1,0,1,0,1,0,0,1,0,0,1,1,0,0,0,0,0
0,0,0,0,0,3,1,3,4,0,0,34,1,38,0,8,0,5,1,0,1,0,0,1,1,0,2,0,0,0,0
0,0,1,2,1,3,0,6,5,0,1,48,0,45,0,8,0,3,0,3,0,1,0,1,0,0,2,1,0,0,0
0,1,0,0,0,3,0,4,4,0,1,36,0,29,0,4,0,3,1,0,1,0,1,1,0,0,2,1,1,20,15
0,0,0,0,0,3,0,3,4,1,0,33,0,32,1,4,0,5,1,0,0,0,0,0,0,1,2,0,0,0,0
0,0,0,0,0,5,1,3,3,0,1,49,0,14,0,10,1,0,1,0,1,1,0,0,0,1,3,0,1,20,20
0,0,1,9,1,5,1,3,5,0,0,40,1,39,0,10,0,7,0,7,1,0,0,0,0,0,2,1,1,30,15
0,0,0,0,0,1,0,4,4,0,0,0,1,0,1,0,1,0,1,0,0,1,0,1,1,0,1,0,0,30,30
0,0,1,2,1,1,0,3,5,0,0,0,0,0,0,0,1,0,1,0,1,0,0,1,1,0,2,1,0,0,0
0,0,0,0,0,3,1,3,5,0,1,40,0,38,1,6,1,5,0,2,0,1,0,0,0,1,2,0,1,15,15
0,0,1,2,0,5,1,2,5,0,1,26,0,31,1,6,1,2,0,1,1,1,0,1,1,1,1,0,0,0,0
0,0,1,10,0,3,1,5,4,0,0,42,1,44,0,13,1,7,1,0,1,0,0,0,0,1,1,0,0,0,0
0,1,1,8,0,3,1,3,4,0,0,56,0,33,0,9,0,7,1,0,1,1,0,0,1,0,1,1,1,40,30
0,0,0,0,0,3,1,3,4,0,1,0,0,0,0,0,0,0,1,0,1,0,1,1,1,1,2,0,0,0,0
0,1,0,0,0,1,0,3,4,0,1,43,0,40,1,18,0,7,1,0,1,1,1,1,1,1,2,0,0,30,30
0,0,1,10,0,3,0,3,4,0,1,0,0,0,1,0,1,0,1,0,0,0,1,1,1,0,1,0,0,30,20
0,0,1,9,1,3,0,2,5,0,0,0,0,0,1,0,1,0,1,0,1,0,1,0,1,0,1,1,0,0,0
0,0,0,0,0,1,0,5,4,0,1,36,0,32,0,7,0,2,1,0,1,1,0,1,1,0,0,0,0,0,0
0,0,1,14,1,5,0,3,3,0,0,43,0,16,0,13,1,0,1,0,1,1,0,0,0,1,0,1,0,0,0
0,0,1,4,1,5,1,3,4,0,0,28,0,4,0,8,1,31,1,0,1,1,0,0,1,1,2,1,0,30,15
0,1,0,0,0,5,0,3,3,0,0,37,1,38,1,5,1,0,1,0,0,1,1,0,0,1,2,0,1,30,30
0,0,1,10,0,1,0,6,4,0,0,0,1,0,1,0,1,0,1,0,1,1,0,0,1,0,1,1,0,0,0
0,0,1,8,0,3,0,3,3,3,1,39,0,41,0,9,1,0,1,0,1,1,0,0,0,0,1,0,1,45,45
0,0,0,0,0,3,0,2,5,0,1,68,0,64,0,40,1,10,0,10,1,0,0,0,0,0,1,0,0,0,0
0,0,1,4,1,3,0,3,4,0,1,45,0,44,1,16,1,10,1,0,0,0,0,0,0,1,1,0,1,30,30
0,0,0,0,0,1,0,2,4,0,1,43,0,40,0,12,0,10,1,0,1,1,1,1,1,1,0,0,0,0,0
0,0,0,0,0,3,0,3,4,0,0,70,1,68,0,70,1,10,1,0,1,1,0,0,0,0,0,0,0,0,0
0,0,1,2,0,1,0,3,4,0,1,47,0,40,0,37,0,20,1,6,1,1,1,1,1,1,2,1,0,0,0
0,0,1,0,0,1,0,4,3,0,1,59,1,16,0,42,1,0,1,0,0,0,0,0,0,1,1,0,0,0,0
0,0,1,5,0,1,0,3,5,0,1,46,0,40,0,65,1,31,0,0,1,0,0,0,1,0,2,0,1,20,20
0,0,1,4,0,1,0,3,5,0,1,43,0,43,1,20,0,18,1,9,1,1,1,1,1,1,2,0,0,0,0
0,0,1,2,1,1,0,3,4,0,0,58,1,59,0,27,0,7,1,0,0,1,0,1,1,0,0,0,0,0,0
0,0,1,3,0,3,0,18,3,0,0,25,1,28,1,2,1,0,1,0,0,0,0,1,0,0,2,0,0,15,10
0,0,1,5,1,3,1,3,5,0,0,50,1,50,1,8,1,6,1,5,0,0,0,1,0,1,2,1,0,0,0
0,0,0,0,0,1,0,1,7,1,1,40,1,58,0,36,0,38,1,4,0,1,0,0,1,1,1,0,1,30,30
0,0,0,0,0,3,1,0,8,0,0,36,1,43,1,13,0,11,0,10,0,0,0,0,0,0,0,0,0,0,0
0,0,0,0,0,1,0,32,7,0,0,28,0,24,0,48,1,47,1,30,1,1,1,1,1,1,1,0,0,0,0
0,0,0,0,0,1,0,3,3,0,1,31,0,32,1,6,1,0,1,0,0,0,1,1,1,1,1,1,0,0,0
0,1,0,0,0,5,0,3,4,0,0,33,1,33,1,6,1,3,1,0,0,0,0,0,1,1,0,0,0,0,0
0,0,1,5,0,1,0,5,4,0,1,40,0,40,0,8,0,6,1,0,0,1,0,1,0,0,1,0,0,0,0
0,0,1,7,0,1,0,5,4,0,1,40,0,45,0,8,0,5,1,0,0,0,0,0,0,1,2,0,0,45,25
0,0,1,4,0,3,0,5,4,0,0,41,0,70,1,15,1,7,1,0,1,1,1,1,1,1,2,0,0,0,0
0,1,0,0,0,3,1,3,9,0,0,29,1,30,0,45,0,27,0,19,1,1,0,0,0,1,1,0,0,0,0
0,1,1,5,1,1,0,2,4,0,1,51,0,44,1,10,0,8,1,0,0,1,0,0,0,0,1,0,0,0,0
0,0,0,0,0,3,1,5,4,0,0,40,1,44,0,12,0,5,1,0,1,1,1,1,1,1,1,1,0,0,0
0,0,0,0,0,1,0,18,3,0,0,39,1,36,0,4,1,0,1,0,0,0,0,0,1,0,1,0,0,0,0
0,0,1,2,0,1,0,0,4,0,0,56,1,38,0,38,1,6,1,0,1,1,0,0,0,0,2,1,0,0,0
0,0,1,1,1,5,1,3,5,0,1,35,0,37,1,6,1,4,1,2,1,1,1,1,1,1,1,1,0,0,0
0,0,0,0,0,5,1,3,5,0,0,56,0,34,0,5,1,30,1,7,1,0,0,0,0,1,1,0,0,0,0
0,0,0,0,0,1,0,3,3,0,0,35,1,50,1,7,1,0,1,0,0,0,0,0,0,1,1,0,0,0,0
0,0,1,4,1,1,0,1,4,0,1,35,0,30,0,4,1,2,1,0,0,1,1,1,1,1,1,0,0,0,0
0,0,0,0,0,1,0,4,4,0,1,40,0,37,1,5,1,3,1,0,0,1,0,1,1,0,2,0,0,0,0
0,0,1,2,1,3,1,3,8,0,1,0,0,0,1,0,0,0,0,0,1,1,1,0,0,1,0,1,0,0,0
0,0,1,4,1,1,0,3,4,0,1,36,0,39,1,10,0,4,1,0,1,1,1,1,1,1,1,1,0,0,0
0,0,1,2,0,3,0,5,5,0,0,38,1,39,1,17,0,13,0,11,1,1,1,1,1,0,2,0,0,0,0
0,0,0,0,1,1,1,5,4,0,0,0,0,0,1,0,1,0,1,0,1,0,0,0,1,1,2,1,1,0,0
0,1,0,0,0,5,1,3,3,0,1,0,1,0,1,0,1,0,1,0,0,1,1,0,1,0,3,0,1,20,20
0,0,1,7,1,1,0,6,3,0,1,40,0,35,0,3,1,0,1,0,1,1,1,1,1,1,1,1,0,0,0
0,0,0,0,0,1,0,5,3,0,1,0,0,0,0,2,1,0,1,0,0,0,0,0,1,0,2,0,0,0,0
0,1,0,0,0,5,1,3,2,2,0,20,1,21,1,0,1,0,1,0,1,0,0,1,0,1,2,0,0,0,0
0,0,1,4,0,1,0,48,4,0,1,38,0,36,1,10,1,8,1,0,0,0,0,0,0,1,1,0,0,0,0
0,0,1,7,0,1,0,0,7,0,1,43,0,39,1,39,0,34,1,0,1,1,1,1,1,1,2,1,0,0,0
0,0,1,2,0,3,0,5,4,0,1,43,0,35,0,18,0,11,1,0,1,1,0,1,0,0,1,0,0,60,45
0,0,1,3,1,3,1,3,4,0,0,40,0,37,0,11,0,6,1,0,0,1,1,0,1,1,2,0,0,0,0
0,0,1,1,0,3,1,5,4,0,1,47,0,37,0,9,1,4,1,0,0,0,0,0,0,1,0,1,0,0,0
0,0,0,0,0,1,0,3,10,0,0,37,1,33,0,40,1,43,0,13,1,1,1,1,1,1,0,0,0,0,0
0,0,1,7,0,1,0,0,4,0,1,35,0,35,0,7,1,4,1,0,1,0,0,0,1,0,2,0,0,0,0
0,0,1,2,0,5,1,3,4,0,1,33,0,34,1,8,0,4,1,0,1,1,1,1,1,1,2,0,0,0,0
0,0,0,0,0,3,0,3,3,0,1,40,0,6,0,6,1,0,1,0,0,1,1,1,1,1,0,0,0,0,0
0,0,0,0,0,1,0,33,3,0,0,34,1,34,0,3,1,0,1,0,0,0,1,0,0,0,3,0,0,0,0
0,0,1,3,0,3,1,3,4,0,1,47,0,42,1,11,0,9,1,0,1,1,0,0,0,1,2,0,1,30,30
0,0,1,5,0,3,0,1,5,0,1,0,0,0,0,0,1,0,1,0,1,1,1,1,1,1,0,0,0,30,20
0,0,0,0,0,3,1,5,4,0,0,35,1,36,0,5,0,3,1,0,0,1,1,0,1,0,2,1,0,0,0
0,1,0,0,0,1,0,3,4,0,1,39,0,34,0,7,0,4,1,0,0,1,1,1,1,0,1,0,0,0,0
0,0,1,3,1,3,1,3,4,0,0,36,0,26,0,6,1,6,1,0,1,1,1,1,1,1,1,1,1,60,30
0,1,0,0,0,1,0,18,5,0,0,37,1,43,1,6,0,6,0,38,0,0,0,1,1,1,1,0,0,0,0
0,0,1,6,0,5,1,3,4,0,0,0,1,0,0,0,1,0,1,0,1,0,0,0,0,1,0,0,0,0,20
0,0,0,0,0,1,0,3,3,0,0,0,0,0,0,0,1,0,1,0,1,1,0,0,0,0,0,0,0,0,0
0,1,0,0,0,5,1,3,4,0,1,0,0,0,0,0,1,0,1,0,0,1,1,1,1,1,1,0,0,0,0
0,0,0,0,1,5,1,3,5,0,0,26,0,24,0,22,1,27,1,25,1,0,0,0,0,1,3,0,0,0,0
0,0,1,6,1,3,1,6,5,0,0,40,1,53,1,6,1,4,1,0,0,0,0,1,0,0,2,1,1,30,15
0,0,0,0,0,3,0,5,4,0,1,40,0,38,0,7,0,5,1,0,0,0,0,0,1,0,2,1,0,0,0
0,0,0,0,0,5,1,3,5,0,1,47,0,40,0,17,0,15,1,11,1,0,1,1,0,0,0,0,0,0,0
0,0,1,4,0,3,1,3,4,0,1,42,0,37,1,7,1,5,1,0,1,0,0,1,0,1,0,0,0,0,0
0,0,1,2,1,3,1,3,4,0,1,0,1,0,0,0,0,0,1,0,1,1,1,1,1,1,2,1,0,0,0
0,0,0,0,0,1,0,0,6,1,1,36,1,40,0,35,0,32,1,0,1,1,1,0,1,0,0,0,0,0,0
0,0,0,0,0,1,0,2,3,0,0,43,1,45,1,0,1,0,1,0,1,0,0,1,0,0,1,0,0,0,0
0,0,0,0,0,3,0,5,4,0,0,32,0,11,0,8,1,7,1,0,1,0,1,0,1,0,1,0,0,0,0
0,1,1,1,0,5,0,4,3,0,1,42,0,38,1,8,1,0,1,0,0,0,1,1,1,1,3,1,1,45,30
0,0,1,4,0,1,0,3,4,0,0,36,1,40,0,10,0,6,1,0,0,1,0,0,1,0,1,0,0,0,0
0,0,0,0,0,5,1,3,4,0,0,33,1,40,0,13,0,8,1,0,1,1,1,1,1,1,1,1,0,0,0
0,0,0,0,0,1,0,5,3,0,0,40,1,34,1,5,1,0,1,0,0,0,1,1,1,1,1,1,0,0,0
0,1,0,0,0,3,1,3,3,0,1,0,0,0,0,0,1,0,1,0,1,1,0,0,0,0,2,0,0,0,0
0,0,0,0,0,3,1,5,3,0,1,27,0,33,1,2,1,0,1,0,0,0,1,0,1,0,1,0,0,15,10
0,0,0,0,0,3,0,3,4,0,0,0,1,0,0,0,0,0,1,0,0,1,0,0,0,0,1,0,0,0,0
0,1,0,0,0,5,1,1,5,0,0,0,0,0,0,0,1,0,1,31,1,1,1,1,1,1,2,1,0,0,0
0,0,1,3,1,1,0,18,4,0,1,51,0,39,0,10,0,8,1,0,1,0,1,0,0,1,1,0,0,0,0
0,1,0,0,0,5,1,3,3,0,0,22,1,2,0,29,1,0,1,0,0,0,1,1,1,1,1,0,0,0,0
0,1,0,0,0,1,0,3,1,0,0,18,1,19,0,16,1,16,1,0,0,0,0,0,0,1,0,0,0,30,30
0,0,0,0,0,1,0,5,5,0,1,42,0,37,0,13,1,12,0,10,1,1,0,1,1,0,2,0,0,0,0
0,0,0,0,0,5,1,3,3,0,0,33,1,34,1,5,1,0,1,0,1,0,0,1,1,0,1,0,0,0,0
0,0,0,0,0,1,0,5,3,0,1,0,1,0,1,0,1,0,1,0,0,1,0,1,1,1,3,0,1,15,15
0,0,0,0,0,3,1,3,5,1,0,36,1,38,0,10,0,8,0,7,1,1,1,1,1,1,3,0,0,0,0
0,0,1,5,0,3,1,3,6,1,0,27,0,27,1,35,1,30,1,40,1,1,0,0,1,0,0,0,0,0,0
0,0,1,1,0,3,0,3,4,0,1,32,0,31,1,5,0,3,1,0,0,1,0,1,1,0,0,0,0,0,0
0,0,1,2,0,1,1,3,3,0,1,0,0,0,1,0,1,0,1,0,1,1,0,0,0,0,1,0,0,20,20
0,0,0,2,1,1,0,3,2,0,1,6,1,0,1,0,1,0,1,0,1,0,0,0,0,0,1,1,1,10,10
0,0,0,0,0,5,1,3,5,0,1,40,0,50,0,47,0,13,1,16,1,0,1,1,0,1,0,0,0,0,0
0,0,0,0,0,5,1,3,2,0,1,46,1,11,1,0,1,0,1,0,1,1,0,1,0,0,0,0,0,0,0
0,0,1,5,0,3,0,5,4,0,1,38,0,34,0,5,1,3,1,0,0,1,1,1,1,1,2,0,0,0,0
0,0,0,0,0,1,0,2,6,0,0,30,0,22,0,20,0,16,1,15,1,1,1,1,1,1,1,0,0,0,0
0,0,1,0,1,3,0,3,4,0,1,40,0,41,1,7,0,4,1,0,1,0,0,0,1,1,2,1,0,0,0
0,0,0,0,0,1,0,5,5,0,0,34,1,38,0,67,1,5,1,2,1,0,0,1,1,1,1,0,0,0,0
0,0,0,0,0,3,1,3,5,1,0,38,1,39,0,48,1,48,1,0,1,1,0,1,1,0,1,0,0,0,0
0,0,1,7,1,1,0,6,4,0,1,43,0,42,1,7,1,6,1,0,0,1,0,1,1,1,1,1,0,30,15
0,0,1,4,0,1,0,5,4,0,1,38,0,41,1,12,0,9,1,0,1,1,1,1,1,1,1,0,0,0,0
0,0,0,0,0,1,0,5,4,0,0,0,0,0,0,0,1,0,1,0,1,0,0,1,0,0,2,1,0,30,20
0,0,0,0,0,3,1,3,4,0,0,0,0,0,1,0,1,0,1,0,1,0,0,0,0,0,0,0,0,0,0
0,1,0,0,0,3,1,3,5,1,0,35,1,30,1,48,1,12,0,7,1,0,0,0,1,0,0,0,0,0,0
0,1,0,0,0,1,0,4,4,0,0,35,1,38,1,7,0,13,1,0,1,0,0,1,1,0,3,0,0,0,0
0,0,0,0,0,1,0,43,4,0,1,33,0,33,0,8,1,2,1,0,0,0,0,0,0,1,1,0,0,0,0
0,0,0,0,0,3,0,3,2,0,0,43,1,13,1,0,1,0,1,0,1,0,0,0,0,1,2,0,1,30,30
0,1,0,0,0,5,1,3,5,0,1,35,0,34,0,22,0,20,1,6,1,1,0,0,0,1,2,0,0,0,45
0,0,1,5,1,3,0,3,4,0,0,37,1,37,1,8,0,5,1,0,0,0,1,1,1,0,1,0,0,0,0
0,0,1,5,0,1,0,2,4,0,0,42,1,43,1,12,1,12,1,0,1,0,1,1,0,0,1,0,0,0,0
0,1,0,0,0,5,1,3,4,0,0,0,1,0,0,0,1,0,1,0,0,1,1,1,1,1,1,0,0,0,0
0,0,0,0,0,3,1,5,4,0,1,44,0,42,0,11,0,9,1,0,1,0,0,1,0,0,1,0,0,0,0
0,0,0,0,0,1,0,3,3,0,0,54,1,51,1,11,1,0,1,0,1,0,0,0,0,0,2,0,0,0,0
0,0,0,0,0,1,0,5,5,0,1,36,0,34,1,10,0,9,0,7,0,0,0,0,1,0,0,0,0,0,0
0,0,1,5,0,5,1,1,4,0,0,0,1,0,0,0,1,0,1,0,1,1,1,1,1,1,1,0,1,30,20
0,1,0,0,0,5,0,3,2,0,1,41,1,5,1,0,1,0,1,0,0,1,1,1,0,1,1,0,0,0,0
0,0,1,0,0,1,0,5,3,0,0,40,1,47,1,9,1,0,1,0,1,0,0,0,0,0,3,0,0,0,0
0,0,1,7,0,3,1,5,4,0,0,34,1,35,1,5,1,2,1,0,1,0,1,0,1,0,2,1,0,0,0
0,0,1,1,0,3,1,3,4,0,0,45,1,45,0,10,1,9,1,0,1,0,0,0,0,0,0,0,0,0,0
0,0,0,0,0,1,0,29,4,0,1,44,0,45,0,17,0,13,1,0,1,0,1,1,1,0,2,0,0,0,0
0,0,1,5,0,3,0,2,9,0,1,57,0,51,0,28,1,28,0,5,0,0,0,1,0,0,1,0,0,0,0
0,0,1,1,0,3,0,0,4,0,0,51,0,33,0,7,0,10,1,0,1,0,1,1,0,1,0,0,0,0,0
0,0,0,0,0,1,0,3,5,0,1,0,1,0,0,0,0,0,0,0,1,1,1,0,0,1,0,0,0,0,0
0,0,0,0,0,1,0,7,3,0,0,39,1,40,0,6,1,0,1,0,0,1,1,1,1,1,2,0,0,0,0
0,0,1,2,0,3,0,3,4,1,1,32,1,60,0,35,0,34,1,0,0,0,0,0,0,1,1,0,0,0,0
0,0,1,5,0,3,1,3,4,2,1,43,0,38,1,14,0,6,1,0,1,1,0,1,1,0,2,0,0,0,0
0,0,1,2,1,1,0,3,5,1,1,40,0,36,1,6,0,36,0,12,1,1,0,0,0,0,1,0,0,0,0
0,0,0,0,1,1,0,3,5,0,1,0,1,0,1,0,0,0,0,4,1,1,1,1,1,1,1,1,0,0,0
0,0,1,5,1,5,1,3,5,0,0,34,1,34,0,8,1,6,1,0,1,1,0,0,0,1,1,1,0,0,0
0,0,1,2,0,1,0,3,4,0,1,37,0,36,1,7,1,4,1,0,1,0,0,0,0,1,2,0,0,0,0
0,0,1,3,0,5,1,3,4,0,0,0,1,0,0,0,0,0,1,0,1,0,0,0,1,1,1,0,0,0,0
0,0,1,3,0,5,1,3,4,0,0,0,1,0,0,0,0,0,1,0,1,0,0,1,1,1,1,0,0,0,0
0,0,1,7,1,5,1,1,3,0,1,0,0,0,0,0,1,0,1,0,1,1,1,0,0,0,0,1,0,45,0
0,0,0,0,0,3,0,2,4,0,1,50,0,51,1,14,1,10,1,0,1,0,0,1,0,0,2,0,0,0,0
0,0,1,4,0,3,1,3,3,0,1,41,0,36,1,5,1,0,1,0,0,0,1,0,1,1,2,1,0,0,0
0,0,1,6,1,1,0,3,4,0,1,40,0,36,1,10,1,9,1,0,1,1,0,1,1,1,0,1,0,0,0
0,1,0,0,0,3,0,3,4,0,0,33,1,50,0,60,1,5,1,0,1,1,0,0,1,1,0,0,0,0,0
0,0,0,0,0,5,1,3,4,0,1,0,0,0,1,0,0,0,1,0,1,1,1,0,1,1,1,0,0,0,15
0,0,0,0,0,1,0,3,5,1,0,0,0,0,0,0,0,0,0,0,0,1,0,0,1,0,0,1,0,0,0
0,0,1,0,1,5,0,0,5,0,0,7,0,3,0,32,1,39,0,52,1,0,1,0,0,1,2,1,0,0,0
0,0,1,3,0,1,1,3,4,0,1,45,0,33,0,19,0,15,1,0,1,1,1,1,1,1,0,0,0,0,0
0,1,0,0,0,5,1,3,4,0,1,33,0,31,0,6,1,3,1,3,0,0,0,0,0,1,0,0,1,20,20
0,0,1,2,1,1,0,0,4,0,1,34,0,32,1,7,1,3,1,0,0,1,1,0,1,0,1,1,0,15,15
0,0,1,3,1,1,1,5,5,0,1,2,0,4,0,42,1,46,0,70,1,0,1,1,1,1,2,1,0,0,0
0,0,0,0,0,1,0,5,4,0,1,45,0,36,0,11,0,7,1,0,1,0,0,0,1,0,1,0,0,0,0
0,0,0,0,0,1,0,3,3,0,0,40,1,39,0,5,1,0,1,0,0,1,0,1,1,0,0,0,0,0,0
0,0,0,0,0,3,0,3,4,0,0,40,1,41,0,9,0,5,1,0,0,1,0,0,1,1,1,0,0,0,0
0,0,1,3,1,5,1,3,5,0,0,39,1,36,0,61,1,60,0,0,0,0,0,0,0,1,0,1,1,30,30
0,0,0,0,0,5,0,3,5,0,0,37,1,37,0,54,0,6,1,10,1,1,0,0,1,0,1,0,0,0,0
0,1,0,0,0,5,1,3,5,0,0,26,1,32,1,24,1,22,0,0,0,1,0,0,0,0,2,0,1,30,30
0,0,0,0,0,1,0,5,11,1,1,38,0,38,1,35,0,33,0,32,1,0,1,0,1,1,3,0,0,0,0
0,0,1,1,0,3,1,5,4,0,1,35,0,35,0,4,0,2,1,0,0,0,0,1,1,1,2,0,0,0,0
0,0,1,0,0,5,0,18,4,0,0,0,0,0,1,0,0,0,1,0,1,0,1,0,0,1,3,1,0,0,0
0,0,0,0,0,5,0,0,5,0,1,33,0,34,1,27,1,6,1,8,0,1,1,1,1,1,1,0,0,0,0
0,1,0,0,0,5,1,1,7,0,0,38,1,42,1,17,0,15,0,15,1,1,1,0,0,1,1,0,0,0,0
0,0,1,7,1,1,0,3,5,0,1,50,0,45,1,15,1,12,1,10,1,0,0,1,1,1,2,1,0,0,0
0,0,1,2,0,1,0,18,3,1,0,44,0,34,1,5,1,0,1,0,1,1,1,1,1,1,0,0,0,20,10
0,0,1,2,0,1,0,18,3,1,0,44,0,34,1,5,1,0,1,0,1,1,1,1,1,1,0,0,0,20,10
0,1,0,0,0,3,1,3,3,0,1,34,0,30,1,5,1,0,1,0,0,1,0,1,1,0,0,0,0,0,0
0,1,0,0,1,3,1,3,3,0,1,34,0,30,1,5,1,0,1,0,0,1,0,1,1,0,0,0,0,0,0
0,1,0,0,0,5,1,3,5,0,1,36,0,37,0,12,0,8,1,6,1,0,0,1,1,0,0,0,0,0,0
0,0,0,0,0,1,1,3,4,0,0,22,1,22,0,12,1,4,1,0,1,1,0,0,1,1,0,0,0,0,0
0,0,0,0,0,1,1,3,4,0,0,22,1,22,0,12,1,4,1,0,1,1,0,0,1,1,0,0,0,0,0
0,0,1,5,0,3,0,5,5,0,0,31,1,26,0,12,1,10,1,5,1,0,1,1,1,1,1,0,0,0,0
0,0,1,5,0,3,0,5,5,0,0,31,1,26,0,12,1,10,1,5,1,0,1,1,1,1,1,0,0,0,0
0,0,1,1,1,1,1,18,4,0,1,39,0,33,1,20,0,5,1,0,1,0,1,0,0,1,0,0,0,0,0
0,0,0,0,0,1,0,3,3,0,0,26,1,34,0,4,1,0,1,0,0,1,1,0,1,1,1,0,0,20,20
